date,rake_id,arrival_time,wagons_count,status,cycle_time_hours
2023-01-01,RAKE_00001,00:47,59,AVAILABLE,18.13694769608293
2023-01-01,RAKE_00002,09:30,58,AVAILABLE,40.31733859057378
2023-01-01,RAKE_00003,08:10,59,UNDER_LOADING,31.71562266928249
2023-01-01,RAKE_00004,17:28,58,AVAILABLE,42.66033828278513
2023-01-02,RAKE_00005,02:25,59,AVAILABLE,33.14254297917489
2023-01-02,RAKE_00006,14:31,58,AVAILABLE,21.33262043053499
2023-01-03,RAKE_00007,05:50,59,AVAILABLE,33.29234430320183
2023-01-03,RAKE_00008,01:33,59,AVAILABLE,31.747006679595685
2023-01-03,RAKE_00009,17:21,59,AVAILABLE,45.26144592225214
2023-01-03,RAKE_00010,15:44,58,UNDER_LOADING,31.766476956158087
2023-01-04,RAKE_00011,15:27,58,AVAILABLE,18.26986177016461
2023-01-04,RAKE_00012,08:11,59,AVAILABLE,34.15866273001242
2023-01-04,RAKE_00013,02:35,58,AVAILABLE,40.087576770636545
2023-01-04,RAKE_00014,19:50,59,AVAILABLE,46.67117466287499
2023-01-05,RAKE_00015,08:23,59,AVAILABLE,23.34001862318017
2023-01-05,RAKE_00016,20:56,59,AVAILABLE,23.348030764644342
2023-01-05,RAKE_00017,12:45,58,AVAILABLE,44.90167149040745
2023-01-05,RAKE_00018,19:29,58,AVAILABLE,35.41412401267829
2023-01-05,RAKE_00019,03:39,59,UNDER_LOADING,47.821862196083586
2023-01-05,RAKE_00020,15:41,59,AVAILABLE,27.311515924627535
2023-01-05,RAKE_00021,05:43,59,UNDER_LOADING,45.652425441604635
2023-01-06,RAKE_00022,11:29,58,AVAILABLE,43.51666565071626
2023-01-06,RAKE_00023,06:11,58,UNDER_LOADING,30.023337539508105
2023-01-06,RAKE_00024,00:06,58,AVAILABLE,37.39387061732877
2023-01-06,RAKE_00025,18:06,59,AVAILABLE,43.723326608024934
2023-01-07,RAKE_00026,14:18,59,AVAILABLE,26.736288711404875
2023-01-07,RAKE_00027,05:55,58,AVAILABLE,37.174085673326985
2023-01-07,RAKE_00028,10:23,59,UNDER_LOADING,40.73751219827098
2023-01-08,RAKE_00029,07:47,59,AVAILABLE,19.099829796031607
2023-01-08,RAKE_00030,04:09,58,AVAILABLE,18.45795515247787
2023-01-08,RAKE_00031,14:02,58,UNDER_LOADING,41.08084826846711
2023-01-08,RAKE_00032,06:00,59,AVAILABLE,28.33027156581944
2023-01-08,RAKE_00033,10:38,58,AVAILABLE,26.48705040645671
2023-01-09,RAKE_00034,18:22,58,AVAILABLE,27.157413761405575
2023-01-09,RAKE_00035,13:53,59,AVAILABLE,29.134166915798236
2023-01-09,RAKE_00036,08:59,58,AVAILABLE,26.994888262014054
2023-01-09,RAKE_00037,10:05,59,AVAILABLE,18.30204634258242
2023-01-10,RAKE_00038,20:11,59,AVAILABLE,29.65018174748291
2023-01-10,RAKE_00039,13:30,59,AVAILABLE,24.753456957288094
2023-01-10,RAKE_00040,03:13,59,AVAILABLE,45.43558975903569
2023-01-10,RAKE_00041,03:39,58,AVAILABLE,34.9748875593957
2023-01-11,RAKE_00042,06:40,58,UNDER_LOADING,36.75458892624166
2023-01-11,RAKE_00043,10:49,59,UNDER_LOADING,23.984674330668387
2023-01-11,RAKE_00044,01:19,58,AVAILABLE,20.268898900232532
2023-01-11,RAKE_00045,14:11,59,AVAILABLE,46.733350505302454
2023-01-11,RAKE_00046,07:13,58,AVAILABLE,20.802351989975435
2023-01-11,RAKE_00047,01:59,58,AVAILABLE,38.133680147487155
2023-01-12,RAKE_00048,20:30,59,UNDER_LOADING,29.68276794067671
2023-01-12,RAKE_00049,02:38,58,AVAILABLE,31.595719877952444
2023-01-12,RAKE_00050,23:49,58,AVAILABLE,45.89747398813651
2023-01-12,RAKE_00051,08:31,59,AVAILABLE,37.919867512341725
2023-01-12,RAKE_00052,23:51,59,AVAILABLE,20.241846882295214
2023-01-13,RAKE_00053,12:27,58,UNDER_LOADING,27.2204510991876
2023-01-13,RAKE_00054,20:38,58,AVAILABLE,47.86900765508856
2023-01-14,RAKE_00055,18:30,58,AVAILABLE,22.03697130156369
2023-01-14,RAKE_00056,10:21,58,AVAILABLE,24.225907605340794
2023-01-14,RAKE_00057,12:39,59,AVAILABLE,30.114451090682472
2023-01-14,RAKE_00058,12:54,58,AVAILABLE,31.349724978138468
2023-01-14,RAKE_00059,14:01,59,AVAILABLE,41.67316333175205
2023-01-14,RAKE_00060,22:46,59,UNDER_LOADING,41.27679355099258
2023-01-14,RAKE_00061,23:41,58,AVAILABLE,35.36248354656672
2023-01-15,RAKE_00062,06:27,59,AVAILABLE,42.87235427386898
2023-01-15,RAKE_00063,22:10,58,AVAILABLE,39.8165603242903
2023-01-15,RAKE_00064,14:45,58,AVAILABLE,44.65975785177402
2023-01-15,RAKE_00065,17:06,58,AVAILABLE,28.22244219169604
2023-01-15,RAKE_00066,13:05,59,AVAILABLE,23.01912863385769
2023-01-15,RAKE_00067,16:19,58,UNDER_LOADING,41.121628670866855
2023-01-15,RAKE_00068,17:52,58,UNDER_LOADING,19.742481180402894
2023-01-15,RAKE_00069,16:36,59,AVAILABLE,24.60074669564554
2023-01-15,RAKE_00070,08:52,59,AVAILABLE,42.983643820325895
2023-01-15,RAKE_00071,18:46,59,AVAILABLE,36.87532595401238
2023-01-16,RAKE_00072,13:48,59,AVAILABLE,42.47928555912192
2023-01-16,RAKE_00073,12:07,58,AVAILABLE,43.53972584909823
2023-01-16,RAKE_00074,03:29,59,UNDER_LOADING,40.64441072516942
2023-01-16,RAKE_00075,09:26,58,AVAILABLE,22.46543951309533
2023-01-16,RAKE_00076,10:50,58,AVAILABLE,22.30768448999916
2023-01-16,RAKE_00077,23:44,59,AVAILABLE,24.258881914932715
2023-01-16,RAKE_00078,06:38,59,UNDER_LOADING,39.658183615362624
2023-01-16,RAKE_00079,14:11,59,AVAILABLE,35.48229803115653
2023-01-16,RAKE_00080,12:45,59,AVAILABLE,47.3469011138342
2023-01-16,RAKE_00081,06:40,59,UNDER_LOADING,28.948644783325364
2023-01-17,RAKE_00082,16:10,58,AVAILABLE,18.32093203345524
2023-01-17,RAKE_00083,01:23,58,UNDER_LOADING,34.98322770102526
2023-01-17,RAKE_00084,11:25,59,AVAILABLE,43.43940445822229
2023-01-17,RAKE_00085,22:20,59,MAINTENANCE,29.773860829336904
2023-01-18,RAKE_00086,01:33,58,AVAILABLE,42.59232284151935
2023-01-18,RAKE_00087,04:21,59,UNDER_LOADING,31.168250026553785
2023-01-18,RAKE_00088,14:03,59,AVAILABLE,21.83769970687773
2023-01-18,RAKE_00089,00:33,59,AVAILABLE,27.997194569113073
2023-01-18,RAKE_00090,14:16,59,AVAILABLE,41.74640935879865
2023-01-19,RAKE_00091,00:48,58,UNDER_LOADING,28.647814127627363
2023-01-19,RAKE_00092,12:35,58,AVAILABLE,47.98191449602662
2023-01-19,RAKE_00093,01:44,58,AVAILABLE,38.25081421897001
2023-01-20,RAKE_00094,13:02,58,AVAILABLE,23.630905930229417
2023-01-20,RAKE_00095,17:35,58,AVAILABLE,44.656521260556346
2023-01-20,RAKE_00096,15:31,59,AVAILABLE,24.43088358654841
2023-01-20,RAKE_00097,17:11,59,AVAILABLE,34.85127016366208
2023-01-20,RAKE_00098,10:48,59,MAINTENANCE,22.670413639714212
2023-01-21,RAKE_00099,07:22,58,AVAILABLE,38.00156278875468
2023-01-21,RAKE_00100,09:24,59,AVAILABLE,19.076489063993293
2023-01-21,RAKE_00101,03:35,58,AVAILABLE,41.344770221439866
2023-01-21,RAKE_00102,18:14,59,AVAILABLE,18.84103025921697
2023-01-21,RAKE_00103,04:17,59,AVAILABLE,35.80836405400365
2023-01-22,RAKE_00104,18:03,58,AVAILABLE,29.971502662147024
2023-01-22,RAKE_00105,18:25,59,AVAILABLE,43.26073943912064
2023-01-22,RAKE_00106,18:20,58,AVAILABLE,46.95021396439117
2023-01-22,RAKE_00107,23:17,58,AVAILABLE,44.31477365271155
2023-01-22,RAKE_00108,20:29,59,AVAILABLE,24.360620737417896
2023-01-22,RAKE_00109,14:06,59,AVAILABLE,43.266176652846326
2023-01-23,RAKE_00110,03:28,58,AVAILABLE,21.127698573212832
2023-01-23,RAKE_00111,19:47,58,AVAILABLE,35.995081852047605
2023-01-23,RAKE_00112,07:02,58,UNDER_LOADING,35.247250212299946
2023-01-24,RAKE_00113,23:38,58,UNDER_LOADING,45.46639151755535
2023-01-24,RAKE_00114,13:22,59,AVAILABLE,30.699151018395316
2023-01-24,RAKE_00115,13:11,58,AVAILABLE,34.66585495574104
2023-01-24,RAKE_00116,03:52,59,AVAILABLE,31.26765355557566
2023-01-24,RAKE_00117,07:55,59,UNDER_LOADING,29.45547287823046
2023-01-24,RAKE_00118,01:23,59,AVAILABLE,29.693434479781498
2023-01-25,RAKE_00119,03:20,59,AVAILABLE,24.05868889414584
2023-01-26,RAKE_00120,17:59,58,AVAILABLE,26.13892591466547
2023-01-26,RAKE_00121,02:46,58,AVAILABLE,28.90691474783825
2023-01-26,RAKE_00122,08:38,59,AVAILABLE,37.25535684931129
2023-01-26,RAKE_00123,21:37,59,AVAILABLE,25.313253468744634
2023-01-26,RAKE_00124,22:59,58,AVAILABLE,34.483805637215
2023-01-26,RAKE_00125,14:08,58,UNDER_LOADING,40.76216490221445
2023-01-28,RAKE_00126,06:33,58,MAINTENANCE,27.401836495664654
2023-01-28,RAKE_00127,07:02,58,AVAILABLE,30.833519994463998
2023-01-28,RAKE_00128,10:22,58,AVAILABLE,46.33909385265882
2023-01-28,RAKE_00129,23:49,59,UNDER_LOADING,33.6146430040145
2023-01-28,RAKE_00130,06:08,58,AVAILABLE,44.6908305931556
2023-01-29,RAKE_00131,19:16,59,AVAILABLE,30.913317489261104
2023-01-29,RAKE_00132,01:25,58,UNDER_LOADING,25.199388708797915
2023-01-29,RAKE_00133,15:17,58,AVAILABLE,34.87352155461265
2023-01-30,RAKE_00134,18:24,58,AVAILABLE,25.89008247607522
2023-01-30,RAKE_00135,11:53,59,AVAILABLE,19.317839302973056
2023-01-30,RAKE_00136,23:42,59,AVAILABLE,46.72724836438097
2023-01-30,RAKE_00137,15:46,58,AVAILABLE,28.88701201270697
2023-01-30,RAKE_00138,12:14,58,AVAILABLE,19.165963497664475
2023-01-30,RAKE_00139,09:22,58,AVAILABLE,29.153199370081904
2023-01-31,RAKE_00140,03:00,59,AVAILABLE,31.208761514137997
2023-01-31,RAKE_00141,14:40,58,AVAILABLE,42.76576920500416
2023-01-31,RAKE_00142,04:43,58,UNDER_LOADING,37.5800133595066
2023-02-01,RAKE_00143,22:14,58,AVAILABLE,22.610237310221137
2023-02-01,RAKE_00144,09:58,59,AVAILABLE,38.85103340796718
2023-02-01,RAKE_00145,19:38,58,AVAILABLE,23.22471639496668
2023-02-02,RAKE_00146,15:25,58,AVAILABLE,24.69205143462956
2023-02-03,RAKE_00147,02:49,59,MAINTENANCE,47.50930751223652
2023-02-03,RAKE_00148,13:56,59,UNDER_LOADING,37.959151147078664
2023-02-04,RAKE_00149,21:12,59,AVAILABLE,18.249211832082032
2023-02-04,RAKE_00150,00:55,58,AVAILABLE,26.334040153040917
2023-02-04,RAKE_00151,10:17,59,UNDER_LOADING,38.938949565167526
2023-02-04,RAKE_00152,09:41,58,AVAILABLE,38.23803881283402
2023-02-04,RAKE_00153,18:54,59,AVAILABLE,44.35242471014955
2023-02-05,RAKE_00154,18:13,59,AVAILABLE,46.98663858770324
2023-02-05,RAKE_00155,08:07,59,AVAILABLE,47.734798744536725
2023-02-05,RAKE_00156,23:06,58,MAINTENANCE,39.42914730171631
2023-02-05,RAKE_00157,19:25,58,AVAILABLE,45.293994806230316
2023-02-05,RAKE_00158,06:35,59,AVAILABLE,43.407739245993895
2023-02-06,RAKE_00159,17:03,59,UNDER_LOADING,29.452566923406703
2023-02-06,RAKE_00160,05:17,58,UNDER_LOADING,45.802241817525
2023-02-06,RAKE_00161,16:15,59,AVAILABLE,47.33415972997488
2023-02-06,RAKE_00162,19:40,59,AVAILABLE,23.56359952248888
2023-02-06,RAKE_00163,23:09,58,AVAILABLE,20.99530657621643
2023-02-06,RAKE_00164,06:50,59,AVAILABLE,40.68514211885636
2023-02-06,RAKE_00165,03:44,59,AVAILABLE,35.82482880483837
2023-02-06,RAKE_00166,01:28,59,AVAILABLE,30.957783192347833
2023-02-06,RAKE_00167,21:17,58,AVAILABLE,40.55405134896472
2023-02-07,RAKE_00168,16:39,58,UNDER_LOADING,25.97956832292895
2023-02-07,RAKE_00169,00:48,59,AVAILABLE,20.68959687299972
2023-02-07,RAKE_00170,20:32,58,UNDER_LOADING,43.86660822847001
2023-02-07,RAKE_00171,12:35,59,UNDER_LOADING,39.45141872396518
2023-02-07,RAKE_00172,19:14,59,UNDER_LOADING,27.531248130341595
2023-02-08,RAKE_00173,17:27,58,UNDER_LOADING,32.243222172878234
2023-02-08,RAKE_00174,20:59,58,AVAILABLE,47.57618387822333
2023-02-08,RAKE_00175,22:27,59,AVAILABLE,19.60087402143829
2023-02-09,RAKE_00176,06:06,59,AVAILABLE,47.752762862154185
2023-02-09,RAKE_00177,16:39,59,AVAILABLE,26.95102066168131
2023-02-09,RAKE_00178,10:11,59,AVAILABLE,38.575914229229056
2023-02-10,RAKE_00179,10:47,59,AVAILABLE,35.517309911848955
2023-02-11,RAKE_00180,03:09,59,AVAILABLE,38.44994439774144
2023-02-11,RAKE_00181,15:22,58,MAINTENANCE,25.573157130412593
2023-02-11,RAKE_00182,16:46,59,AVAILABLE,26.483406222440642
2023-02-11,RAKE_00183,04:04,59,AVAILABLE,39.19547956453016
2023-02-11,RAKE_00184,06:49,59,AVAILABLE,24.263877737034356
2023-02-11,RAKE_00185,22:01,59,AVAILABLE,33.00740554800886
2023-02-11,RAKE_00186,01:01,59,UNDER_LOADING,18.90270759016708
2023-02-12,RAKE_00187,22:16,59,UNDER_LOADING,21.78338852722688
2023-02-12,RAKE_00188,17:55,58,UNDER_LOADING,47.31963448961315
2023-02-12,RAKE_00189,02:37,59,UNDER_LOADING,40.1156395391781
2023-02-12,RAKE_00190,11:57,58,AVAILABLE,47.37074602959581
2023-02-12,RAKE_00191,18:04,59,MAINTENANCE,25.256674477298297
2023-02-12,RAKE_00192,06:57,58,UNDER_LOADING,24.5237703598453
2023-02-13,RAKE_00193,21:48,58,AVAILABLE,35.649015586441465
2023-02-13,RAKE_00194,04:16,58,AVAILABLE,27.95964291437591
2023-02-13,RAKE_00195,21:22,59,AVAILABLE,44.532692817220095
2023-02-13,RAKE_00196,16:40,59,MAINTENANCE,35.0451562277368
2023-02-13,RAKE_00197,23:56,58,UNDER_LOADING,22.366108813262073
2023-02-14,RAKE_00198,06:59,59,AVAILABLE,38.22150278612346
2023-02-14,RAKE_00199,20:42,59,AVAILABLE,42.10422625425145
2023-02-14,RAKE_00200,14:50,58,UNDER_LOADING,31.505458056518513
2023-02-14,RAKE_00201,15:46,59,AVAILABLE,34.95529097830362
2023-02-14,RAKE_00202,09:04,59,AVAILABLE,43.132596731635545
2023-02-15,RAKE_00203,04:39,58,AVAILABLE,20.332775339826746
2023-02-16,RAKE_00204,07:42,58,AVAILABLE,40.12057676874566
2023-02-16,RAKE_00205,14:50,58,AVAILABLE,36.74708875059511
2023-02-16,RAKE_00206,04:18,58,AVAILABLE,35.61143098050076
2023-02-17,RAKE_00207,18:05,58,UNDER_LOADING,24.772996846618675
2023-02-17,RAKE_00208,03:15,58,UNDER_LOADING,42.694175026214275
2023-02-17,RAKE_00209,10:06,58,AVAILABLE,23.518116867137408
2023-02-17,RAKE_00210,02:11,58,AVAILABLE,19.476737921780902
2023-02-18,RAKE_00211,18:23,58,AVAILABLE,47.36665546849564
2023-02-18,RAKE_00212,20:16,58,UNDER_LOADING,42.60186392251765
2023-02-18,RAKE_00213,05:14,58,MAINTENANCE,23.781272482445676
2023-02-19,RAKE_00214,12:10,59,UNDER_LOADING,36.168299685963305
2023-02-19,RAKE_00215,22:30,58,AVAILABLE,28.001741878383083
2023-02-19,RAKE_00216,13:23,58,UNDER_LOADING,31.590743269354103
2023-02-19,RAKE_00217,09:37,59,AVAILABLE,25.771366575947425
2023-02-19,RAKE_00218,19:17,59,AVAILABLE,28.241854282702523
2023-02-19,RAKE_00219,08:00,59,UNDER_LOADING,39.33962659897077
2023-02-20,RAKE_00220,22:05,59,AVAILABLE,33.623071118728035
2023-02-20,RAKE_00221,07:07,59,AVAILABLE,20.577965433894082
2023-02-21,RAKE_00222,10:02,58,AVAILABLE,32.0847009122971
2023-02-21,RAKE_00223,08:50,59,AVAILABLE,43.65497087789754
2023-02-21,RAKE_00224,19:25,59,AVAILABLE,38.63817489611085
2023-02-21,RAKE_00225,14:10,59,UNDER_LOADING,42.90913526048495
2023-02-22,RAKE_00226,00:21,58,AVAILABLE,20.315794795342942
2023-02-22,RAKE_00227,11:08,58,AVAILABLE,22.37021725187209
2023-02-22,RAKE_00228,00:09,58,AVAILABLE,20.442854957155625
2023-02-23,RAKE_00229,08:03,58,UNDER_LOADING,25.904279043407207
2023-02-23,RAKE_00230,01:06,58,AVAILABLE,38.94920699790936
2023-02-23,RAKE_00231,01:11,58,AVAILABLE,39.40616989259606
2023-02-23,RAKE_00232,09:34,59,UNDER_LOADING,33.23477751674528
2023-02-24,RAKE_00233,01:14,58,AVAILABLE,46.67078184161351
2023-02-24,RAKE_00234,14:04,58,AVAILABLE,21.717783057878506
2023-02-24,RAKE_00235,04:50,58,AVAILABLE,30.08612157802318
2023-02-24,RAKE_00236,13:44,59,UNDER_LOADING,47.626119265016186
2023-02-24,RAKE_00237,20:08,58,AVAILABLE,35.15585884831436
2023-02-24,RAKE_00238,00:50,58,AVAILABLE,39.93719926374446
2023-02-24,RAKE_00239,10:29,59,AVAILABLE,46.437101397298335
2023-02-24,RAKE_00240,10:48,58,AVAILABLE,39.48002132244664
2023-02-24,RAKE_00241,05:33,58,UNDER_LOADING,31.622752621967486
2023-02-26,RAKE_00242,02:39,59,AVAILABLE,32.88878230507936
2023-02-26,RAKE_00243,07:24,59,AVAILABLE,46.128237703628095
2023-02-26,RAKE_00244,03:59,59,AVAILABLE,30.915003450012932
2023-02-26,RAKE_00245,08:30,58,AVAILABLE,24.12170856447589
2023-02-27,RAKE_00246,16:05,58,AVAILABLE,26.645911964885038
2023-02-27,RAKE_00247,10:12,58,AVAILABLE,34.00833522809794
2023-02-27,RAKE_00248,02:25,58,AVAILABLE,20.361440872960763
2023-02-27,RAKE_00249,14:43,59,UNDER_LOADING,42.64198091853869
2023-02-28,RAKE_00250,10:22,59,AVAILABLE,43.157635560699035
2023-02-28,RAKE_00251,02:15,59,AVAILABLE,30.046891971835375
2023-03-01,RAKE_00252,18:24,58,AVAILABLE,18.57389084833524
2023-03-02,RAKE_00253,23:33,59,MAINTENANCE,35.14706665940405
2023-03-02,RAKE_00254,15:24,59,AVAILABLE,25.13594465723158
2023-03-02,RAKE_00255,14:24,58,UNDER_LOADING,39.31849950212428
2023-03-02,RAKE_00256,05:51,58,AVAILABLE,37.87148838213122
2023-03-02,RAKE_00257,21:56,58,UNDER_LOADING,41.13473600772461
2023-03-03,RAKE_00258,14:48,59,UNDER_LOADING,31.82015114792537
2023-03-04,RAKE_00259,17:03,59,UNDER_LOADING,27.388549991010954
2023-03-04,RAKE_00260,12:55,59,AVAILABLE,42.33398360842777
2023-03-04,RAKE_00261,18:03,59,AVAILABLE,22.51025530045826
2023-03-05,RAKE_00262,19:45,59,AVAILABLE,35.57287905460216
2023-03-05,RAKE_00263,07:32,58,AVAILABLE,39.22966028456125
2023-03-05,RAKE_00264,07:50,58,AVAILABLE,28.837375557212916
2023-03-05,RAKE_00265,01:47,59,UNDER_LOADING,34.857237099948755
2023-03-05,RAKE_00266,09:22,59,AVAILABLE,25.789444191398214
2023-03-06,RAKE_00267,01:44,59,AVAILABLE,25.02925704897696
2023-03-06,RAKE_00268,03:47,59,MAINTENANCE,43.97753938878757
2023-03-06,RAKE_00269,21:09,59,AVAILABLE,35.373557267263614
2023-03-06,RAKE_00270,19:36,59,AVAILABLE,36.428191115465225
2023-03-06,RAKE_00271,13:37,59,AVAILABLE,22.54781854859568
2023-03-06,RAKE_00272,17:00,59,AVAILABLE,24.63919514366889
2023-03-07,RAKE_00273,19:33,59,AVAILABLE,39.038934321103035
2023-03-07,RAKE_00274,05:16,59,AVAILABLE,23.184506679410116
2023-03-07,RAKE_00275,17:35,58,UNDER_LOADING,38.55228624585019
2023-03-07,RAKE_00276,21:08,59,AVAILABLE,30.400485886306345
2023-03-09,RAKE_00277,11:27,58,UNDER_LOADING,46.81794690057926
2023-03-09,RAKE_00278,02:42,58,AVAILABLE,39.11507201001602
2023-03-09,RAKE_00279,00:45,59,AVAILABLE,31.702596387222094
2023-03-09,RAKE_00280,18:52,58,AVAILABLE,41.72146326885412
2023-03-10,RAKE_00281,16:16,59,AVAILABLE,44.92268001441333
2023-03-10,RAKE_00282,07:13,59,AVAILABLE,21.432994836289335
2023-03-10,RAKE_00283,22:59,59,AVAILABLE,40.98993312761611
2023-03-11,RAKE_00284,19:02,58,AVAILABLE,22.882631413028136
2023-03-11,RAKE_00285,18:45,58,AVAILABLE,39.48557463266667
2023-03-11,RAKE_00286,05:25,58,UNDER_LOADING,28.03241742649474
2023-03-11,RAKE_00287,09:10,58,MAINTENANCE,25.68610654247665
2023-03-12,RAKE_00288,04:15,58,AVAILABLE,38.59644721846881
2023-03-12,RAKE_00289,17:33,58,AVAILABLE,24.99393229334599
2023-03-13,RAKE_00290,18:08,59,AVAILABLE,46.083579958323256
2023-03-13,RAKE_00291,05:40,59,AVAILABLE,30.157036559498795
2023-03-13,RAKE_00292,10:50,58,AVAILABLE,19.11015828522697
2023-03-14,RAKE_00293,21:58,58,AVAILABLE,28.010642796340484
2023-03-14,RAKE_00294,14:33,58,AVAILABLE,44.85138902244191
2023-03-15,RAKE_00295,19:08,59,UNDER_LOADING,19.121851508237352
2023-03-15,RAKE_00296,09:15,58,AVAILABLE,25.674102422977185
2023-03-15,RAKE_00297,07:56,58,AVAILABLE,41.46127000756155
2023-03-16,RAKE_00298,21:05,58,AVAILABLE,34.910756915002004
2023-03-16,RAKE_00299,04:55,59,AVAILABLE,20.71494659084727
2023-03-16,RAKE_00300,11:53,59,UNDER_LOADING,35.68463192234195
2023-03-17,RAKE_00301,16:21,58,AVAILABLE,39.83424332598414
2023-03-17,RAKE_00302,16:18,59,AVAILABLE,30.8824155149239
2023-03-17,RAKE_00303,01:02,58,AVAILABLE,22.635466173573967
2023-03-18,RAKE_00304,14:46,58,UNDER_LOADING,26.626650407855387
2023-03-18,RAKE_00305,13:24,59,AVAILABLE,40.945380535837415
2023-03-18,RAKE_00306,11:15,59,AVAILABLE,30.270686726120765
2023-03-18,RAKE_00307,09:07,58,UNDER_LOADING,44.83311172683455
2023-03-18,RAKE_00308,01:24,59,UNDER_LOADING,29.277799624030692
2023-03-18,RAKE_00309,17:50,58,AVAILABLE,31.048292540098203
2023-03-18,RAKE_00310,01:28,59,AVAILABLE,19.627977666238134
2023-03-18,RAKE_00311,02:52,58,UNDER_LOADING,20.243379248852797
2023-03-18,RAKE_00312,10:48,58,MAINTENANCE,38.717986433478885
2023-03-19,RAKE_00313,08:20,58,AVAILABLE,22.666179076997985
2023-03-19,RAKE_00314,05:17,59,UNDER_LOADING,25.319223313745734
2023-03-19,RAKE_00315,01:24,59,AVAILABLE,42.29696153790596
2023-03-20,RAKE_00316,09:59,58,AVAILABLE,30.412709596951338
2023-03-20,RAKE_00317,01:14,59,AVAILABLE,18.14936887453879
2023-03-20,RAKE_00318,14:58,59,UNDER_LOADING,39.150413267744696
2023-03-21,RAKE_00319,09:23,59,UNDER_LOADING,43.56034400994717
2023-03-21,RAKE_00320,02:27,59,AVAILABLE,29.547391299531345
2023-03-22,RAKE_00321,04:30,59,AVAILABLE,31.275080259837388
2023-03-22,RAKE_00322,02:03,59,UNDER_LOADING,32.783284786995296
2023-03-22,RAKE_00323,18:36,58,UNDER_LOADING,33.914977116307895
2023-03-22,RAKE_00324,03:46,59,AVAILABLE,22.781682928165033
2023-03-22,RAKE_00325,22:18,59,AVAILABLE,26.299664918975623
2023-03-22,RAKE_00326,11:50,59,AVAILABLE,45.685650403406584
2023-03-23,RAKE_00327,07:22,59,AVAILABLE,21.280264593759323
2023-03-23,RAKE_00328,13:21,58,AVAILABLE,40.65149766269514
2023-03-23,RAKE_00329,12:52,58,UNDER_LOADING,18.094931684095133
2023-03-23,RAKE_00330,09:39,59,UNDER_LOADING,21.088282916758057
2023-03-23,RAKE_00331,14:26,59,AVAILABLE,23.949674347421002
2023-03-23,RAKE_00332,18:03,58,UNDER_LOADING,35.24570588633011
2023-03-24,RAKE_00333,11:57,59,AVAILABLE,18.37786497319313
2023-03-24,RAKE_00334,17:14,58,UNDER_LOADING,38.505141953195164
2023-03-25,RAKE_00335,08:45,58,AVAILABLE,42.93569328957
2023-03-25,RAKE_00336,21:28,59,AVAILABLE,42.96349955950624
2023-03-25,RAKE_00337,12:57,58,AVAILABLE,25.243701416752312
2023-03-25,RAKE_00338,09:37,58,AVAILABLE,19.735675257215497
2023-03-25,RAKE_00339,03:29,59,AVAILABLE,41.613112247699846
2023-03-26,RAKE_00340,01:34,58,MAINTENANCE,28.011265842823043
2023-03-26,RAKE_00341,16:50,58,AVAILABLE,18.53717664874615
2023-03-26,RAKE_00342,18:32,58,UNDER_LOADING,38.18180783520909
2023-03-26,RAKE_00343,06:07,59,AVAILABLE,27.314693520722543
2023-03-26,RAKE_00344,21:26,59,MAINTENANCE,40.47655473625248
2023-03-26,RAKE_00345,18:26,59,AVAILABLE,34.633447586893304
2023-03-27,RAKE_00346,02:19,59,AVAILABLE,19.914851528448548
2023-03-27,RAKE_00347,12:24,59,AVAILABLE,41.83478126313386
2023-03-27,RAKE_00348,16:34,58,AVAILABLE,39.19573169157049
2023-03-28,RAKE_00349,10:41,59,AVAILABLE,34.70605913378044
2023-03-28,RAKE_00350,12:40,59,AVAILABLE,20.79726471393513
2023-03-28,RAKE_00351,17:55,59,AVAILABLE,25.29879979058028
2023-03-29,RAKE_00352,08:04,59,AVAILABLE,23.518713236114316
2023-03-29,RAKE_00353,19:07,58,UNDER_LOADING,29.77575091556289
2023-03-29,RAKE_00354,04:49,59,AVAILABLE,34.46317467280209
2023-03-29,RAKE_00355,07:00,59,AVAILABLE,44.55664906598767
2023-03-30,RAKE_00356,20:05,59,AVAILABLE,46.13918054464456
2023-03-30,RAKE_00357,06:57,58,UNDER_LOADING,40.72381893905515
2023-03-30,RAKE_00358,12:26,58,UNDER_LOADING,22.86648290230771
2023-03-31,RAKE_00359,15:50,59,AVAILABLE,28.200368506021782
2023-03-31,RAKE_00360,11:18,58,AVAILABLE,34.73341433781705
2023-03-31,RAKE_00361,06:52,58,MAINTENANCE,36.67696763681949
2023-03-31,RAKE_00362,10:22,59,AVAILABLE,26.702318094432407
2023-03-31,RAKE_00363,18:25,59,AVAILABLE,26.249436955241414
2023-03-31,RAKE_00364,05:53,58,AVAILABLE,44.1767493864842
2023-04-01,RAKE_00365,08:46,58,AVAILABLE,41.85640108844584
2023-04-01,RAKE_00366,05:36,58,MAINTENANCE,30.920089469195254
2023-04-01,RAKE_00367,05:39,59,AVAILABLE,33.54084665317072
2023-04-01,RAKE_00368,05:48,58,AVAILABLE,32.19778265782615
2023-04-01,RAKE_00369,13:25,59,AVAILABLE,46.904766171987205
2023-04-02,RAKE_00370,08:43,59,MAINTENANCE,43.539619682533115
2023-04-02,RAKE_00371,18:53,59,AVAILABLE,40.99780944397969
2023-04-02,RAKE_00372,22:56,59,AVAILABLE,29.78947393241163
2023-04-02,RAKE_00373,20:32,59,UNDER_LOADING,21.566147767684686
2023-04-02,RAKE_00374,04:03,58,UNDER_LOADING,31.993511360457216
2023-04-02,RAKE_00375,13:26,59,AVAILABLE,30.59744494056148
2023-04-03,RAKE_00376,13:09,58,AVAILABLE,35.60084502752325
2023-04-03,RAKE_00377,03:51,58,AVAILABLE,28.832645623784817
2023-04-03,RAKE_00378,22:43,58,AVAILABLE,21.601234579861515
2023-04-04,RAKE_00379,04:08,58,UNDER_LOADING,29.336734149589567
2023-04-04,RAKE_00380,13:54,58,AVAILABLE,39.89448409073255
2023-04-05,RAKE_00381,04:51,59,AVAILABLE,18.944689196890753
2023-04-05,RAKE_00382,13:23,59,AVAILABLE,27.533448222742813
2023-04-05,RAKE_00383,14:58,59,AVAILABLE,46.552655075883514
2023-04-06,RAKE_00384,16:18,58,AVAILABLE,20.14647380631602
2023-04-06,RAKE_00385,21:32,58,AVAILABLE,42.13200919139233
2023-04-06,RAKE_00386,02:26,58,AVAILABLE,28.772124190207794
2023-04-06,RAKE_00387,20:45,58,AVAILABLE,26.589910255306233
2023-04-07,RAKE_00388,08:27,59,UNDER_LOADING,36.94252812953267
2023-04-07,RAKE_00389,14:40,58,AVAILABLE,29.39518341210734
2023-04-07,RAKE_00390,09:26,59,AVAILABLE,21.00511046759331
2023-04-07,RAKE_00391,12:21,58,AVAILABLE,25.02252776711482
2023-04-08,RAKE_00392,19:08,58,UNDER_LOADING,34.0167503951089
2023-04-08,RAKE_00393,17:59,59,AVAILABLE,34.74050106586264
2023-04-08,RAKE_00394,22:56,59,AVAILABLE,27.63079928115387
2023-04-08,RAKE_00395,21:10,59,UNDER_LOADING,33.23438608753987
2023-04-09,RAKE_00396,03:56,58,AVAILABLE,45.69285193454487
2023-04-09,RAKE_00397,05:18,58,AVAILABLE,20.758392979829004
2023-04-09,RAKE_00398,19:27,59,AVAILABLE,37.52025555196945
2023-04-10,RAKE_00399,03:33,58,AVAILABLE,39.05294458973728
2023-04-11,RAKE_00400,02:04,58,UNDER_LOADING,45.20057378793051
2023-04-11,RAKE_00401,19:13,58,AVAILABLE,42.764932079334315
2023-04-11,RAKE_00402,02:41,59,AVAILABLE,34.15089292373027
2023-04-11,RAKE_00403,21:05,58,MAINTENANCE,46.59649024491871
2023-04-12,RAKE_00404,18:59,58,MAINTENANCE,41.33992758809722
2023-04-12,RAKE_00405,06:01,59,UNDER_LOADING,20.72112193805701
2023-04-13,RAKE_00406,18:05,59,AVAILABLE,26.07554612428153
2023-04-14,RAKE_00407,13:38,58,AVAILABLE,20.638615724996775
2023-04-14,RAKE_00408,02:54,58,MAINTENANCE,31.087864129517214
2023-04-14,RAKE_00409,12:43,58,AVAILABLE,40.56067287248065
2023-04-14,RAKE_00410,09:19,58,AVAILABLE,26.2963616738503
2023-04-14,RAKE_00411,03:07,58,AVAILABLE,24.891505090009026
2023-04-15,RAKE_00412,07:48,59,AVAILABLE,38.55453708929643
2023-04-15,RAKE_00413,20:54,58,AVAILABLE,38.89029185879603
2023-04-15,RAKE_00414,08:41,58,UNDER_LOADING,28.500657547511427
2023-04-15,RAKE_00415,16:16,58,AVAILABLE,34.31354031618079
2023-04-15,RAKE_00416,16:35,59,AVAILABLE,32.009182717846
2023-04-15,RAKE_00417,22:41,58,MAINTENANCE,18.130748735937168
2023-04-16,RAKE_00418,04:32,59,UNDER_LOADING,31.19765588606174
2023-04-16,RAKE_00419,02:58,58,AVAILABLE,23.62244693756581
2023-04-16,RAKE_00420,08:40,58,MAINTENANCE,33.72843705403578
2023-04-16,RAKE_00421,20:11,58,AVAILABLE,36.25102989355343
2023-04-16,RAKE_00422,11:57,58,AVAILABLE,19.14528294774222
2023-04-17,RAKE_00423,04:29,58,AVAILABLE,38.246343898021784
2023-04-18,RAKE_00424,13:46,58,UNDER_LOADING,26.385101577082843
2023-04-18,RAKE_00425,08:58,59,AVAILABLE,34.545914235223016
2023-04-18,RAKE_00426,21:11,58,MAINTENANCE,18.696347267578414
2023-04-18,RAKE_00427,03:22,58,MAINTENANCE,41.44543953051652
2023-04-18,RAKE_00428,23:26,58,AVAILABLE,26.135251392211117
2023-04-19,RAKE_00429,18:06,58,UNDER_LOADING,37.32825198890176
2023-04-19,RAKE_00430,19:42,58,AVAILABLE,41.585782622000906
2023-04-19,RAKE_00431,09:58,59,UNDER_LOADING,18.845933750017128
2023-04-19,RAKE_00432,19:28,59,AVAILABLE,34.077102989546496
2023-04-19,RAKE_00433,18:07,59,AVAILABLE,42.61234658205849
2023-04-20,RAKE_00434,11:15,58,AVAILABLE,43.22946552974075
2023-04-20,RAKE_00435,00:07,58,UNDER_LOADING,38.81551538690036
2023-04-20,RAKE_00436,03:53,58,AVAILABLE,42.42344093497967
2023-04-21,RAKE_00437,02:32,58,AVAILABLE,19.62908403124944
2023-04-21,RAKE_00438,05:26,59,AVAILABLE,25.047187344191293
2023-04-21,RAKE_00439,03:26,58,AVAILABLE,43.65811523314832
2023-04-21,RAKE_00440,17:48,58,UNDER_LOADING,28.503732585051296
2023-04-21,RAKE_00441,11:55,58,AVAILABLE,41.15537934324874
2023-04-21,RAKE_00442,09:19,59,UNDER_LOADING,36.60873545023394
2023-04-22,RAKE_00443,19:49,59,UNDER_LOADING,38.02605657809667
2023-04-22,RAKE_00444,15:40,59,AVAILABLE,31.396935484431893
2023-04-22,RAKE_00445,16:01,58,AVAILABLE,47.182791158288865
2023-04-23,RAKE_00446,17:28,58,AVAILABLE,21.824105260809905
2023-04-23,RAKE_00447,12:22,58,AVAILABLE,27.330018871930903
2023-04-25,RAKE_00448,00:05,59,AVAILABLE,20.882303817872263
2023-04-25,RAKE_00449,06:25,58,AVAILABLE,28.74510252653063
2023-04-25,RAKE_00450,06:03,59,AVAILABLE,26.27402317104758
2023-04-26,RAKE_00451,11:06,59,AVAILABLE,26.757671136839217
2023-04-26,RAKE_00452,04:32,59,AVAILABLE,34.72639449325636
2023-04-26,RAKE_00453,03:37,59,AVAILABLE,23.407251974104426
2023-04-28,RAKE_00454,18:00,59,AVAILABLE,24.55630808376033
2023-04-28,RAKE_00455,21:58,58,AVAILABLE,34.8652470304783
2023-04-28,RAKE_00456,16:39,59,UNDER_LOADING,22.545443911055358
2023-04-28,RAKE_00457,14:55,58,AVAILABLE,22.667800282661815
2023-04-28,RAKE_00458,14:13,59,UNDER_LOADING,34.838840743863656
2023-04-29,RAKE_00459,04:07,59,AVAILABLE,44.1593218678976
2023-04-30,RAKE_00460,07:37,58,AVAILABLE,35.30009503681118
2023-04-30,RAKE_00461,09:42,59,AVAILABLE,47.78280092281145
2023-04-30,RAKE_00462,10:53,58,AVAILABLE,21.09845559618997
2023-04-30,RAKE_00463,15:08,58,UNDER_LOADING,34.42542961040424
2023-04-30,RAKE_00464,02:48,59,AVAILABLE,39.26326278264937
2023-04-30,RAKE_00465,23:05,58,UNDER_LOADING,34.5701885535414
2023-05-01,RAKE_00466,04:33,59,AVAILABLE,18.134666738986475
2023-05-01,RAKE_00467,16:35,58,UNDER_LOADING,44.7211982349453
2023-05-01,RAKE_00468,07:01,58,AVAILABLE,23.026099436983703
2023-05-01,RAKE_00469,16:58,59,AVAILABLE,24.784503542432656
2023-05-01,RAKE_00470,16:00,58,AVAILABLE,18.06666417471422
2023-05-02,RAKE_00471,20:38,58,UNDER_LOADING,34.09605177869423
2023-05-02,RAKE_00472,00:06,59,AVAILABLE,42.056184566146996
2023-05-02,RAKE_00473,13:59,58,AVAILABLE,37.7686090503026
2023-05-03,RAKE_00474,10:42,58,UNDER_LOADING,28.9400058362444
2023-05-03,RAKE_00475,15:52,58,AVAILABLE,29.971037508653858
2023-05-03,RAKE_00476,08:57,58,AVAILABLE,44.86177296998916
2023-05-03,RAKE_00477,21:55,59,AVAILABLE,30.75444461466799
2023-05-03,RAKE_00478,23:49,59,AVAILABLE,45.70124138722114
2023-05-03,RAKE_00479,03:32,59,AVAILABLE,43.380460241304775
2023-05-03,RAKE_00480,13:34,59,UNDER_LOADING,30.98350237929088
2023-05-04,RAKE_00481,11:59,58,AVAILABLE,36.178293104600186
2023-05-04,RAKE_00482,03:18,58,AVAILABLE,46.74515854899571
2023-05-04,RAKE_00483,22:50,59,AVAILABLE,42.33768936374196
2023-05-05,RAKE_00484,06:24,58,UNDER_LOADING,30.109140942577778
2023-05-05,RAKE_00485,17:23,58,AVAILABLE,32.34554975978387
2023-05-05,RAKE_00486,16:41,59,AVAILABLE,33.859447910982354
2023-05-05,RAKE_00487,04:41,59,AVAILABLE,42.15567038145464
2023-05-05,RAKE_00488,08:28,58,MAINTENANCE,44.735732989122944
2023-05-06,RAKE_00489,06:30,59,UNDER_LOADING,42.80165093064828
2023-05-06,RAKE_00490,12:55,58,UNDER_LOADING,28.425376011678395
2023-05-07,RAKE_00491,21:52,58,AVAILABLE,28.361102597957707
2023-05-07,RAKE_00492,02:05,58,AVAILABLE,34.84030055981647
2023-05-07,RAKE_00493,10:42,59,AVAILABLE,25.51195438641684
2023-05-07,RAKE_00494,19:40,58,AVAILABLE,42.379368849020295
2023-05-08,RAKE_00495,01:55,58,AVAILABLE,42.918537212671026
2023-05-08,RAKE_00496,13:32,59,AVAILABLE,26.24138181716264
2023-05-09,RAKE_00497,00:08,59,AVAILABLE,36.32923988849707
2023-05-09,RAKE_00498,15:02,59,UNDER_LOADING,43.89413499075973
2023-05-09,RAKE_00499,17:58,58,AVAILABLE,27.23075166432296
2023-05-10,RAKE_00500,00:00,58,AVAILABLE,47.54673844726556
2023-05-10,RAKE_00501,14:50,58,UNDER_LOADING,30.744723952353613
2023-05-10,RAKE_00502,08:24,59,AVAILABLE,40.12840576877654
2023-05-10,RAKE_00503,14:50,58,AVAILABLE,44.80527022194867
2023-05-11,RAKE_00504,14:33,59,UNDER_LOADING,34.979980129485405
2023-05-11,RAKE_00505,15:14,58,UNDER_LOADING,40.42300163971774
2023-05-11,RAKE_00506,23:56,58,UNDER_LOADING,40.65706172994909
2023-05-11,RAKE_00507,21:24,59,AVAILABLE,33.031489483802275
2023-05-11,RAKE_00508,03:25,59,AVAILABLE,31.567418395282992
2023-05-11,RAKE_00509,17:55,58,AVAILABLE,39.64512540482785
2023-05-12,RAKE_00510,14:48,59,AVAILABLE,21.216289081193477
2023-05-13,RAKE_00511,10:54,58,UNDER_LOADING,20.296033397344615
2023-05-13,RAKE_00512,00:50,58,UNDER_LOADING,28.469772103968836
2023-05-13,RAKE_00513,16:11,59,AVAILABLE,31.041842691815035
2023-05-13,RAKE_00514,05:46,59,AVAILABLE,41.82125800640337
2023-05-13,RAKE_00515,19:04,58,AVAILABLE,28.392579224507294
2023-05-13,RAKE_00516,10:10,59,AVAILABLE,23.47086272111933
2023-05-14,RAKE_00517,13:16,59,AVAILABLE,41.96461795998712
2023-05-14,RAKE_00518,19:51,58,AVAILABLE,41.64851476978916
2023-05-15,RAKE_00519,06:17,59,AVAILABLE,44.49356287577686
2023-05-15,RAKE_00520,14:43,59,AVAILABLE,31.39101351406264
2023-05-15,RAKE_00521,19:26,59,AVAILABLE,22.501188394394617
2023-05-15,RAKE_00522,15:27,59,UNDER_LOADING,38.10951994648259
2023-05-15,RAKE_00523,07:25,59,AVAILABLE,30.268011927431328
2023-05-15,RAKE_00524,02:02,58,AVAILABLE,23.034958157162798
2023-05-15,RAKE_00525,03:01,58,UNDER_LOADING,44.31274307817244
2023-05-15,RAKE_00526,13:11,59,AVAILABLE,27.346694315137576
2023-05-16,RAKE_00527,22:50,59,AVAILABLE,29.263874268451286
2023-05-16,RAKE_00528,13:21,59,AVAILABLE,20.823024834518286
2023-05-16,RAKE_00529,07:56,59,MAINTENANCE,37.733567793114474
2023-05-16,RAKE_00530,03:54,58,AVAILABLE,46.47435022244176
2023-05-16,RAKE_00531,01:35,58,AVAILABLE,44.77304101143956
2023-05-17,RAKE_00532,17:31,59,AVAILABLE,37.097271629972106
2023-05-17,RAKE_00533,22:43,59,AVAILABLE,42.7673037247409
2023-05-18,RAKE_00534,16:21,58,AVAILABLE,32.13101761047179
2023-05-18,RAKE_00535,22:30,58,AVAILABLE,38.179504737324066
2023-05-18,RAKE_00536,12:08,58,AVAILABLE,22.90864636857942
2023-05-18,RAKE_00537,07:11,59,AVAILABLE,44.769392171770676
2023-05-18,RAKE_00538,10:13,59,AVAILABLE,23.130584225887436
2023-05-19,RAKE_00539,05:50,59,AVAILABLE,43.400019179230455
2023-05-19,RAKE_00540,18:55,58,AVAILABLE,25.357868161725964
2023-05-20,RAKE_00541,13:33,58,AVAILABLE,30.20288716119184
2023-05-20,RAKE_00542,14:37,58,AVAILABLE,43.512549757052184
2023-05-20,RAKE_00543,19:11,59,AVAILABLE,37.55624161001373
2023-05-20,RAKE_00544,04:05,59,AVAILABLE,47.42628156256877
2023-05-20,RAKE_00545,01:07,59,AVAILABLE,33.77612499023377
2023-05-21,RAKE_00546,12:38,58,AVAILABLE,32.93684758160495
2023-05-21,RAKE_00547,11:55,59,AVAILABLE,24.442057988416487
2023-05-21,RAKE_00548,12:20,58,AVAILABLE,35.19017378231442
2023-05-21,RAKE_00549,18:22,59,AVAILABLE,32.51764937284328
2023-05-21,RAKE_00550,17:15,58,AVAILABLE,29.07646735218285
2023-05-21,RAKE_00551,08:14,59,AVAILABLE,30.973187184256844
2023-05-22,RAKE_00552,12:02,59,UNDER_LOADING,24.314812765746865
2023-05-22,RAKE_00553,16:36,58,UNDER_LOADING,25.332974599222005
2023-05-22,RAKE_00554,21:08,58,AVAILABLE,39.24467274316166
2023-05-22,RAKE_00555,23:43,59,AVAILABLE,23.560475449435852
2023-05-22,RAKE_00556,16:26,59,AVAILABLE,31.842639506258653
2023-05-22,RAKE_00557,23:12,58,AVAILABLE,21.74547038208649
2023-05-22,RAKE_00558,02:32,59,AVAILABLE,34.122199907157295
2023-05-23,RAKE_00559,11:11,59,AVAILABLE,21.31537814134473
2023-05-23,RAKE_00560,06:48,59,AVAILABLE,21.311986204580386
2023-05-23,RAKE_00561,03:32,59,AVAILABLE,46.734535430735384
2023-05-24,RAKE_00562,16:41,58,UNDER_LOADING,24.625609529252735
2023-05-24,RAKE_00563,06:42,58,MAINTENANCE,33.36198293296763
2023-05-24,RAKE_00564,17:48,58,AVAILABLE,28.12596011801009
2023-05-24,RAKE_00565,00:38,58,UNDER_LOADING,27.87178443259272
2023-05-25,RAKE_00566,16:42,58,AVAILABLE,19.86122295397389
2023-05-26,RAKE_00567,22:00,59,AVAILABLE,43.431540495495696
2023-05-26,RAKE_00568,07:58,58,AVAILABLE,20.13627998287937
2023-05-26,RAKE_00569,04:30,59,AVAILABLE,31.327310614533715
2023-05-27,RAKE_00570,06:02,58,AVAILABLE,25.1611814665699
2023-05-27,RAKE_00571,23:40,58,AVAILABLE,41.30498213953619
2023-05-27,RAKE_00572,05:31,59,AVAILABLE,30.98398427182301
2023-05-27,RAKE_00573,12:48,58,AVAILABLE,43.067863717635205
2023-05-27,RAKE_00574,14:15,59,AVAILABLE,47.32759732124032
2023-05-27,RAKE_00575,23:37,58,AVAILABLE,24.24685143295862
2023-05-27,RAKE_00576,06:29,58,AVAILABLE,28.619238869179302
2023-05-28,RAKE_00577,03:02,58,MAINTENANCE,19.19142712382141
2023-05-28,RAKE_00578,14:31,59,AVAILABLE,43.274022529999186
2023-05-28,RAKE_00579,17:15,59,AVAILABLE,32.929654753896756
2023-05-28,RAKE_00580,17:23,59,UNDER_LOADING,31.845485852872297
2023-05-28,RAKE_00581,23:35,59,AVAILABLE,22.591672176487876
2023-05-28,RAKE_00582,06:11,58,AVAILABLE,23.552965889540502
2023-05-28,RAKE_00583,21:49,59,MAINTENANCE,28.00198407374058
2023-05-29,RAKE_00584,14:54,59,AVAILABLE,27.76102044665354
2023-05-29,RAKE_00585,06:04,59,AVAILABLE,35.846645854079966
2023-05-30,RAKE_00586,13:33,58,AVAILABLE,35.585939290746566
2023-05-31,RAKE_00587,17:49,58,AVAILABLE,47.68170903575938
2023-05-31,RAKE_00588,18:49,59,UNDER_LOADING,44.93455735358684
2023-05-31,RAKE_00589,15:12,58,AVAILABLE,38.35894249153992
2023-05-31,RAKE_00590,00:33,59,AVAILABLE,29.536652118375002
2023-06-01,RAKE_00591,17:15,58,AVAILABLE,27.685072966399318
2023-06-01,RAKE_00592,08:27,59,AVAILABLE,33.657967954871715
2023-06-01,RAKE_00593,12:43,59,AVAILABLE,36.41819560164113
2023-06-01,RAKE_00594,11:49,59,AVAILABLE,38.842264662182316
2023-06-02,RAKE_00595,14:25,58,AVAILABLE,23.963516503267627
2023-06-02,RAKE_00596,03:40,59,AVAILABLE,22.267027426361874
2023-06-02,RAKE_00597,08:10,58,UNDER_LOADING,39.91035072821602
2023-06-03,RAKE_00598,10:05,59,AVAILABLE,25.045447590707738
2023-06-03,RAKE_00599,01:53,59,AVAILABLE,31.20278859853316
2023-06-03,RAKE_00600,00:59,58,UNDER_LOADING,21.747882232299713
2023-06-03,RAKE_00601,14:40,59,AVAILABLE,22.328571481986003
2023-06-04,RAKE_00602,08:33,58,AVAILABLE,47.355268013932225
2023-06-04,RAKE_00603,18:51,58,AVAILABLE,43.8951711689246
2023-06-04,RAKE_00604,18:43,59,UNDER_LOADING,20.269632691542142
2023-06-04,RAKE_00605,04:42,59,UNDER_LOADING,20.56136973686158
2023-06-04,RAKE_00606,23:10,59,AVAILABLE,31.424816687257152
2023-06-04,RAKE_00607,20:19,58,UNDER_LOADING,32.537949485689694
2023-06-04,RAKE_00608,05:42,58,AVAILABLE,30.432186248341637
2023-06-04,RAKE_00609,18:00,59,AVAILABLE,37.83388539153073
2023-06-05,RAKE_00610,20:24,58,UNDER_LOADING,26.168551161067974
2023-06-05,RAKE_00611,09:21,59,AVAILABLE,40.64612425833256
2023-06-05,RAKE_00612,10:25,58,MAINTENANCE,45.370125276930786
2023-06-06,RAKE_00613,17:09,58,AVAILABLE,45.87893683673292
2023-06-06,RAKE_00614,03:47,59,AVAILABLE,23.493415214543276
2023-06-07,RAKE_00615,10:43,59,AVAILABLE,35.964199076504485
2023-06-07,RAKE_00616,09:28,58,AVAILABLE,39.07991761336116
2023-06-07,RAKE_00617,13:22,58,AVAILABLE,36.844914367019726
2023-06-08,RAKE_00618,00:02,59,AVAILABLE,31.34248209616182
2023-06-08,RAKE_00619,22:42,59,AVAILABLE,32.05053708004486
2023-06-08,RAKE_00620,03:42,59,AVAILABLE,28.72870558466231
2023-06-09,RAKE_00621,09:38,58,AVAILABLE,23.821696033810795
2023-06-09,RAKE_00622,18:40,59,AVAILABLE,30.79568862110032
2023-06-09,RAKE_00623,21:30,58,AVAILABLE,20.63223356621613
2023-06-09,RAKE_00624,22:24,58,AVAILABLE,23.107626346860926
2023-06-10,RAKE_00625,16:44,58,AVAILABLE,27.536457708867044
2023-06-10,RAKE_00626,00:54,59,AVAILABLE,30.51501774279719
2023-06-10,RAKE_00627,17:41,59,UNDER_LOADING,30.218853772657535
2023-06-10,RAKE_00628,11:42,58,AVAILABLE,31.74860620955765
2023-06-10,RAKE_00629,01:01,59,AVAILABLE,35.72835798620771
2023-06-11,RAKE_00630,08:06,59,AVAILABLE,23.256581492929993
2023-06-11,RAKE_00631,16:07,58,AVAILABLE,18.81299085537467
2023-06-11,RAKE_00632,12:51,59,AVAILABLE,28.063554750426235
2023-06-11,RAKE_00633,18:51,58,UNDER_LOADING,28.536661529709896
2023-06-11,RAKE_00634,18:54,58,UNDER_LOADING,26.537723582319572
2023-06-12,RAKE_00635,11:58,59,AVAILABLE,18.49729113080934
2023-06-13,RAKE_00636,20:59,59,AVAILABLE,41.71770516237258
2023-06-13,RAKE_00637,07:07,58,UNDER_LOADING,20.524248395161216
2023-06-13,RAKE_00638,05:14,59,AVAILABLE,24.44804684478729
2023-06-13,RAKE_00639,04:36,58,AVAILABLE,18.099351663443326
2023-06-14,RAKE_00640,17:09,59,AVAILABLE,28.435742065777067
2023-06-14,RAKE_00641,15:31,59,AVAILABLE,19.412280176739696
2023-06-14,RAKE_00642,14:52,59,AVAILABLE,22.835779556068047
2023-06-15,RAKE_00643,05:46,58,AVAILABLE,32.62395916191724
2023-06-15,RAKE_00644,19:19,59,UNDER_LOADING,21.377974517212074
2023-06-16,RAKE_00645,15:18,59,AVAILABLE,18.483155449525178
2023-06-16,RAKE_00646,11:36,58,MAINTENANCE,40.314419023829416
2023-06-16,RAKE_00647,03:18,59,AVAILABLE,29.12870173109252
2023-06-16,RAKE_00648,16:03,59,AVAILABLE,45.61960871808023
2023-06-16,RAKE_00649,01:24,59,AVAILABLE,28.72831884972225
2023-06-16,RAKE_00650,08:34,59,AVAILABLE,31.095941852555598
2023-06-16,RAKE_00651,14:23,58,AVAILABLE,35.619919885171356
2023-06-16,RAKE_00652,19:29,58,AVAILABLE,34.675859969314445
2023-06-16,RAKE_00653,21:36,58,UNDER_LOADING,36.06072615673492
2023-06-16,RAKE_00654,05:37,58,AVAILABLE,26.495106516482686
2023-06-17,RAKE_00655,17:43,58,AVAILABLE,28.29789238190928
2023-06-17,RAKE_00656,21:13,58,MAINTENANCE,34.50551416531276
2023-06-17,RAKE_00657,06:44,58,MAINTENANCE,32.837176310219235
2023-06-17,RAKE_00658,06:39,59,AVAILABLE,40.08797522836214
2023-06-18,RAKE_00659,10:26,58,UNDER_LOADING,39.541662230243446
2023-06-18,RAKE_00660,11:14,59,UNDER_LOADING,37.67841808629308
2023-06-18,RAKE_00661,02:32,58,AVAILABLE,45.94641006943783
2023-06-19,RAKE_00662,20:46,58,UNDER_LOADING,21.075960634239955
2023-06-19,RAKE_00663,21:06,59,AVAILABLE,20.559403828151126
2023-06-19,RAKE_00664,23:17,59,AVAILABLE,44.88197153377884
2023-06-19,RAKE_00665,21:46,58,UNDER_LOADING,44.57713088646756
2023-06-19,RAKE_00666,14:06,58,AVAILABLE,22.65168696316158
2023-06-19,RAKE_00667,11:49,59,AVAILABLE,25.075179862941134
2023-06-19,RAKE_00668,15:31,59,UNDER_LOADING,46.6398024936838
2023-06-20,RAKE_00669,15:12,58,AVAILABLE,31.802020713577512
2023-06-20,RAKE_00670,09:55,58,UNDER_LOADING,45.84391164297074
2023-06-21,RAKE_00671,09:02,59,AVAILABLE,37.75893559829322
2023-06-21,RAKE_00672,08:03,59,AVAILABLE,31.747075083221315
2023-06-21,RAKE_00673,00:11,58,AVAILABLE,41.12662828641119
2023-06-21,RAKE_00674,02:41,59,UNDER_LOADING,45.62385355601346
2023-06-22,RAKE_00675,17:54,59,AVAILABLE,19.25156114631872
2023-06-22,RAKE_00676,00:53,58,AVAILABLE,35.71604584416562
2023-06-22,RAKE_00677,08:44,59,UNDER_LOADING,37.4339445214156
2023-06-22,RAKE_00678,10:12,59,AVAILABLE,39.43147078740903
2023-06-23,RAKE_00679,13:27,58,AVAILABLE,30.60791240305278
2023-06-23,RAKE_00680,18:33,58,UNDER_LOADING,28.723570986993874
2023-06-23,RAKE_00681,19:33,58,AVAILABLE,24.79872869945016
2023-06-24,RAKE_00682,17:43,59,UNDER_LOADING,30.29960570277369
2023-06-24,RAKE_00683,16:41,58,AVAILABLE,41.02599526770497
2023-06-24,RAKE_00684,07:52,58,AVAILABLE,27.108494618142835
2023-06-24,RAKE_00685,22:21,59,AVAILABLE,28.08431530291046
2023-06-24,RAKE_00686,16:43,58,AVAILABLE,35.027147819342964
2023-06-25,RAKE_00687,13:48,58,UNDER_LOADING,41.0045171100151
2023-06-25,RAKE_00688,07:43,59,AVAILABLE,31.338647795418176
2023-06-25,RAKE_00689,03:25,58,AVAILABLE,30.533697155922443
2023-06-25,RAKE_00690,19:15,59,AVAILABLE,32.63852275874892
2023-06-25,RAKE_00691,07:23,58,AVAILABLE,23.134114068797317
2023-06-25,RAKE_00692,13:36,59,AVAILABLE,36.37108486592754
2023-06-26,RAKE_00693,12:44,58,AVAILABLE,20.706919684610614
2023-06-26,RAKE_00694,14:23,58,UNDER_LOADING,23.259788291436056
2023-06-26,RAKE_00695,15:33,59,AVAILABLE,26.212406387108928
2023-06-26,RAKE_00696,22:35,59,UNDER_LOADING,44.70537055811876
2023-06-26,RAKE_00697,12:16,59,AVAILABLE,24.3110504824652
2023-06-27,RAKE_00698,14:38,58,AVAILABLE,46.41860881886339
2023-06-27,RAKE_00699,09:50,59,UNDER_LOADING,43.296723457396226
2023-06-27,RAKE_00700,03:02,59,AVAILABLE,42.520061121119284
2023-06-28,RAKE_00701,20:41,58,UNDER_LOADING,22.868821204560547
2023-06-29,RAKE_00702,15:21,58,UNDER_LOADING,40.20935316101075
2023-06-29,RAKE_00703,17:29,59,AVAILABLE,24.823210743870234
2023-06-29,RAKE_00704,05:37,59,AVAILABLE,42.24534101287622
2023-06-29,RAKE_00705,13:40,58,AVAILABLE,18.66850845707743
2023-06-29,RAKE_00706,10:19,59,AVAILABLE,35.22564890393995
2023-06-29,RAKE_00707,21:38,58,AVAILABLE,27.88575778029322
2023-06-29,RAKE_00708,15:17,58,AVAILABLE,46.74702947866926
2023-06-30,RAKE_00709,18:57,59,AVAILABLE,24.726000097550894
2023-06-30,RAKE_00710,22:56,59,AVAILABLE,19.0191317776475
2023-06-30,RAKE_00711,13:19,59,UNDER_LOADING,32.326915399249486
2023-07-01,RAKE_00712,01:27,59,UNDER_LOADING,45.42673851752059
2023-07-01,RAKE_00713,20:27,58,UNDER_LOADING,32.439230743208256
2023-07-01,RAKE_00714,08:06,59,AVAILABLE,19.08822720118766
2023-07-02,RAKE_00715,21:22,58,AVAILABLE,22.994941901382873
2023-07-02,RAKE_00716,09:33,59,AVAILABLE,23.65875265365316
2023-07-03,RAKE_00717,07:20,59,UNDER_LOADING,22.671467537161007
2023-07-03,RAKE_00718,17:21,59,MAINTENANCE,43.391316299354074
2023-07-04,RAKE_00719,18:57,58,UNDER_LOADING,42.76199485868654
2023-07-04,RAKE_00720,15:44,59,AVAILABLE,27.640986799486782
2023-07-04,RAKE_00721,22:03,58,AVAILABLE,36.234673120186926
2023-07-04,RAKE_00722,20:24,58,UNDER_LOADING,46.07308112044028
2023-07-05,RAKE_00723,03:08,59,AVAILABLE,42.52493384710584
2023-07-05,RAKE_00724,15:41,59,AVAILABLE,24.894565295609514
2023-07-06,RAKE_00725,11:54,59,AVAILABLE,25.174782955159948
2023-07-06,RAKE_00726,12:04,59,UNDER_LOADING,26.596730168807923
2023-07-06,RAKE_00727,09:11,59,AVAILABLE,34.95962940925304
2023-07-06,RAKE_00728,20:18,58,AVAILABLE,19.740704385848527
2023-07-06,RAKE_00729,19:40,58,UNDER_LOADING,36.55467987124089
2023-07-06,RAKE_00730,11:44,59,MAINTENANCE,38.65511377764891
2023-07-07,RAKE_00731,07:49,59,AVAILABLE,47.952052951699486
2023-07-07,RAKE_00732,05:26,59,AVAILABLE,20.189269166561317
2023-07-07,RAKE_00733,04:43,59,AVAILABLE,30.602285983576103
2023-07-07,RAKE_00734,08:34,59,AVAILABLE,18.285787645590364
2023-07-07,RAKE_00735,02:42,59,AVAILABLE,41.33937349794688
2023-07-07,RAKE_00736,16:33,58,AVAILABLE,43.198979987917966
2023-07-08,RAKE_00737,10:36,59,AVAILABLE,34.27388235213748
2023-07-08,RAKE_00738,03:06,59,AVAILABLE,26.873235473655377
2023-07-08,RAKE_00739,17:53,59,UNDER_LOADING,27.326691758939006
2023-07-08,RAKE_00740,02:38,59,AVAILABLE,36.83742025048798
2023-07-08,RAKE_00741,04:36,59,UNDER_LOADING,27.868308218789714
2023-07-08,RAKE_00742,08:07,59,AVAILABLE,37.963543113041354
2023-07-08,RAKE_00743,17:17,58,AVAILABLE,43.57600075333063
2023-07-08,RAKE_00744,20:22,59,AVAILABLE,35.49591466676329
2023-07-09,RAKE_00745,09:47,59,UNDER_LOADING,36.641351191808724
2023-07-09,RAKE_00746,16:03,59,UNDER_LOADING,47.543927435926086
2023-07-09,RAKE_00747,14:42,59,MAINTENANCE,30.86351683131381
2023-07-09,RAKE_00748,14:35,59,UNDER_LOADING,45.449682771460076
2023-07-10,RAKE_00749,04:18,58,AVAILABLE,38.32417243450442
2023-07-10,RAKE_00750,11:30,58,AVAILABLE,25.718712416196873
2023-07-10,RAKE_00751,07:02,58,UNDER_LOADING,41.50571216727551
2023-07-10,RAKE_00752,11:44,58,AVAILABLE,44.23440878750915
2023-07-11,RAKE_00753,08:27,59,AVAILABLE,28.648276089628034
2023-07-11,RAKE_00754,18:43,58,UNDER_LOADING,24.372589628925788
2023-07-11,RAKE_00755,19:47,59,AVAILABLE,29.570515491601313
2023-07-11,RAKE_00756,04:07,58,UNDER_LOADING,43.51238604565144
2023-07-11,RAKE_00757,09:05,59,AVAILABLE,26.44540773413027
2023-07-12,RAKE_00758,08:52,58,UNDER_LOADING,31.7867160388411
2023-07-12,RAKE_00759,08:38,58,AVAILABLE,32.608062955750945
2023-07-12,RAKE_00760,10:48,58,AVAILABLE,30.788268994257628
2023-07-12,RAKE_00761,08:09,59,AVAILABLE,29.182100631316352
2023-07-13,RAKE_00762,16:01,59,UNDER_LOADING,42.604573573297216
2023-07-13,RAKE_00763,04:48,58,AVAILABLE,20.91909905033356
2023-07-13,RAKE_00764,09:43,58,MAINTENANCE,19.402441612022187
2023-07-13,RAKE_00765,11:09,59,AVAILABLE,20.428677361503738
2023-07-13,RAKE_00766,19:45,59,AVAILABLE,44.635562852176534
2023-07-14,RAKE_00767,08:30,59,UNDER_LOADING,32.786364341076315
2023-07-14,RAKE_00768,19:29,58,AVAILABLE,27.874925317646188
2023-07-14,RAKE_00769,09:52,58,AVAILABLE,35.11085243822569
2023-07-14,RAKE_00770,23:28,58,MAINTENANCE,37.53044756022736
2023-07-14,RAKE_00771,20:11,58,UNDER_LOADING,32.57558335001565
2023-07-15,RAKE_00772,14:30,59,UNDER_LOADING,25.842977043817328
2023-07-15,RAKE_00773,12:39,58,AVAILABLE,27.167244785968478
2023-07-15,RAKE_00774,23:27,59,UNDER_LOADING,31.063362575083403
2023-07-15,RAKE_00775,22:01,59,AVAILABLE,47.95484751461555
2023-07-15,RAKE_00776,14:24,59,AVAILABLE,35.60356812629277
2023-07-15,RAKE_00777,00:22,59,AVAILABLE,42.41952976965731
2023-07-15,RAKE_00778,22:38,58,AVAILABLE,46.31554423914645
2023-07-15,RAKE_00779,09:53,59,AVAILABLE,40.25663337241939
2023-07-15,RAKE_00780,09:43,59,AVAILABLE,27.537275541559385
2023-07-15,RAKE_00781,00:19,59,AVAILABLE,47.1212797778756
2023-07-16,RAKE_00782,05:57,58,UNDER_LOADING,34.670512540915055
2023-07-16,RAKE_00783,02:32,59,UNDER_LOADING,34.03846129643613
2023-07-17,RAKE_00784,16:13,59,UNDER_LOADING,32.91866140848062
2023-07-17,RAKE_00785,09:17,58,UNDER_LOADING,27.507952406129583
2023-07-18,RAKE_00786,11:44,58,AVAILABLE,34.05388142938956
2023-07-18,RAKE_00787,18:44,59,UNDER_LOADING,30.008881753312032
2023-07-18,RAKE_00788,10:04,59,AVAILABLE,33.69089226526789
2023-07-18,RAKE_00789,07:08,59,AVAILABLE,36.19669387681907
2023-07-18,RAKE_00790,23:17,58,AVAILABLE,43.30958801103452
2023-07-19,RAKE_00791,23:00,59,UNDER_LOADING,47.8802279435824
2023-07-19,RAKE_00792,13:07,58,AVAILABLE,27.115568525261498
2023-07-19,RAKE_00793,14:40,59,AVAILABLE,35.46712258448667
2023-07-19,RAKE_00794,21:46,59,AVAILABLE,38.13309363484845
2023-07-19,RAKE_00795,00:57,58,AVAILABLE,45.84396574429566
2023-07-19,RAKE_00796,00:37,59,AVAILABLE,23.86381995153807
2023-07-19,RAKE_00797,23:15,58,AVAILABLE,27.922491157678387
2023-07-19,RAKE_00798,09:34,59,UNDER_LOADING,30.109840229520707
2023-07-20,RAKE_00799,01:30,59,AVAILABLE,26.32618216009462
2023-07-20,RAKE_00800,15:59,59,UNDER_LOADING,42.33724253697352
2023-07-20,RAKE_00801,00:05,59,UNDER_LOADING,22.05731811798835
2023-07-21,RAKE_00802,05:36,59,UNDER_LOADING,28.493638451634183
2023-07-21,RAKE_00803,10:50,59,AVAILABLE,43.02588492623042
2023-07-21,RAKE_00804,07:03,59,AVAILABLE,23.351294981871842
2023-07-21,RAKE_00805,22:56,58,AVAILABLE,38.23848138496266
2023-07-22,RAKE_00806,11:12,59,AVAILABLE,23.94142026253727
2023-07-22,RAKE_00807,13:28,58,AVAILABLE,44.28692829193193
2023-07-23,RAKE_00808,20:30,59,AVAILABLE,46.9773823279661
2023-07-23,RAKE_00809,23:24,58,AVAILABLE,19.737867875915104
2023-07-23,RAKE_00810,04:49,58,UNDER_LOADING,36.915026178760414
2023-07-24,RAKE_00811,14:09,58,AVAILABLE,42.382175850055994
2023-07-24,RAKE_00812,11:27,58,AVAILABLE,35.862443621800374
2023-07-25,RAKE_00813,04:22,58,AVAILABLE,39.38220109163916
2023-07-25,RAKE_00814,18:24,59,AVAILABLE,46.5283976073846
2023-07-25,RAKE_00815,02:43,58,MAINTENANCE,24.09303953906344
2023-07-25,RAKE_00816,13:38,58,AVAILABLE,38.08857981108454
2023-07-26,RAKE_00817,23:31,59,UNDER_LOADING,42.78764818961476
2023-07-26,RAKE_00818,21:04,58,MAINTENANCE,23.07539633258621
2023-07-26,RAKE_00819,18:34,58,AVAILABLE,39.65436581469017
2023-07-26,RAKE_00820,09:27,59,AVAILABLE,27.32161423225491
2023-07-27,RAKE_00821,09:47,59,UNDER_LOADING,34.10358013331732
2023-07-27,RAKE_00822,20:07,59,AVAILABLE,34.2536829612426
2023-07-28,RAKE_00823,22:01,58,AVAILABLE,21.830568856333613
2023-07-28,RAKE_00824,18:31,59,AVAILABLE,22.23430944402007
2023-07-28,RAKE_00825,00:51,58,UNDER_LOADING,25.00655815298028
2023-07-28,RAKE_00826,01:11,58,UNDER_LOADING,40.27866248767137
2023-07-29,RAKE_00827,08:59,58,AVAILABLE,29.75364410395868
2023-07-29,RAKE_00828,19:19,59,AVAILABLE,41.59306013576642
2023-07-29,RAKE_00829,06:55,59,UNDER_LOADING,22.048487138222985
2023-07-29,RAKE_00830,18:26,58,AVAILABLE,27.233857665487044
2023-07-30,RAKE_00831,10:34,59,AVAILABLE,32.797802628712695
2023-07-30,RAKE_00832,06:42,58,UNDER_LOADING,20.042306782975434
2023-07-31,RAKE_00833,08:52,58,UNDER_LOADING,41.887954499729375
2023-07-31,RAKE_00834,04:41,58,AVAILABLE,35.35848423542309
2023-07-31,RAKE_00835,06:27,59,AVAILABLE,27.565265968208816
2023-08-01,RAKE_00836,22:48,59,AVAILABLE,42.18879041329649
2023-08-01,RAKE_00837,07:53,58,UNDER_LOADING,37.284744027527935
2023-08-01,RAKE_00838,07:00,58,AVAILABLE,32.92220657413785
2023-08-02,RAKE_00839,01:12,59,AVAILABLE,29.715330778723654
2023-08-02,RAKE_00840,19:31,58,AVAILABLE,29.570029113363617
2023-08-02,RAKE_00841,07:50,58,AVAILABLE,31.6316676031187
2023-08-02,RAKE_00842,03:49,59,AVAILABLE,27.626211348848855
2023-08-03,RAKE_00843,20:26,58,MAINTENANCE,40.57017919911928
2023-08-03,RAKE_00844,12:20,59,AVAILABLE,21.305136644549616
2023-08-03,RAKE_00845,06:33,59,AVAILABLE,46.337712900712745
2023-08-03,RAKE_00846,21:59,59,AVAILABLE,19.711764124119227
2023-08-03,RAKE_00847,06:17,59,AVAILABLE,36.70930253285169
2023-08-04,RAKE_00848,06:39,59,AVAILABLE,37.70461784004926
2023-08-04,RAKE_00849,03:09,58,AVAILABLE,46.74230206254018
2023-08-04,RAKE_00850,18:29,59,AVAILABLE,24.756649083964366
2023-08-05,RAKE_00851,14:11,58,AVAILABLE,19.49350830836924
2023-08-05,RAKE_00852,18:07,59,AVAILABLE,44.39100696457332
2023-08-05,RAKE_00853,09:52,58,AVAILABLE,27.70487700840691
2023-08-05,RAKE_00854,17:44,58,AVAILABLE,44.92313495653768
2023-08-06,RAKE_00855,17:40,58,AVAILABLE,25.948147452915816
2023-08-07,RAKE_00856,09:22,59,UNDER_LOADING,20.70241287502113
2023-08-07,RAKE_00857,22:25,59,AVAILABLE,20.237746894634522
2023-08-07,RAKE_00858,09:35,58,AVAILABLE,36.57875838842743
2023-08-07,RAKE_00859,09:14,59,AVAILABLE,28.01647935364923
2023-08-07,RAKE_00860,07:16,58,AVAILABLE,36.478948777301355
2023-08-08,RAKE_00861,22:44,59,UNDER_LOADING,31.25097827200531
2023-08-08,RAKE_00862,03:34,58,UNDER_LOADING,24.349836574704682
2023-08-08,RAKE_00863,20:40,59,UNDER_LOADING,41.854543315741495
2023-08-08,RAKE_00864,20:28,59,AVAILABLE,26.367615874159128
2023-08-08,RAKE_00865,05:19,59,AVAILABLE,47.675450391388395
2023-08-08,RAKE_00866,21:22,59,UNDER_LOADING,42.52258052838515
2023-08-08,RAKE_00867,08:21,59,AVAILABLE,38.471780228120736
2023-08-08,RAKE_00868,20:08,59,AVAILABLE,23.149412504098017
2023-08-08,RAKE_00869,01:26,58,AVAILABLE,24.390010674763552
2023-08-09,RAKE_00870,07:06,58,AVAILABLE,22.40162316023665
2023-08-09,RAKE_00871,15:10,59,UNDER_LOADING,27.126633055051983
2023-08-09,RAKE_00872,08:35,58,UNDER_LOADING,30.000270831836314
2023-08-09,RAKE_00873,12:50,58,MAINTENANCE,39.774023369115994
2023-08-09,RAKE_00874,12:35,59,UNDER_LOADING,43.46405642074262
2023-08-10,RAKE_00875,01:54,58,AVAILABLE,29.67877746959256
2023-08-10,RAKE_00876,21:11,59,AVAILABLE,45.27327988933961
2023-08-11,RAKE_00877,11:09,58,AVAILABLE,42.39704465203569
2023-08-11,RAKE_00878,20:12,58,UNDER_LOADING,33.333875327017374
2023-08-11,RAKE_00879,06:11,59,AVAILABLE,30.397144517436907
2023-08-11,RAKE_00880,23:26,58,AVAILABLE,43.28785223716141
2023-08-12,RAKE_00881,07:20,59,AVAILABLE,19.598595011894414
2023-08-12,RAKE_00882,08:49,58,AVAILABLE,46.90371252398212
2023-08-12,RAKE_00883,19:41,59,AVAILABLE,46.504922848682995
2023-08-12,RAKE_00884,13:21,58,AVAILABLE,31.74828391965316
2023-08-12,RAKE_00885,04:25,59,UNDER_LOADING,27.458097135482795
2023-08-14,RAKE_00886,18:47,58,AVAILABLE,23.021530436765854
2023-08-14,RAKE_00887,04:40,59,UNDER_LOADING,36.981625079604974
2023-08-14,RAKE_00888,06:01,58,AVAILABLE,35.24665756693281
2023-08-14,RAKE_00889,00:01,58,UNDER_LOADING,25.863632970483877
2023-08-15,RAKE_00890,03:48,59,AVAILABLE,34.06404344505151
2023-08-15,RAKE_00891,17:06,59,AVAILABLE,33.022237050892095
2023-08-15,RAKE_00892,07:08,59,AVAILABLE,44.213177190954355
2023-08-15,RAKE_00893,23:26,58,AVAILABLE,26.548802322191992
2023-08-15,RAKE_00894,21:04,59,AVAILABLE,41.65370360630408
2023-08-16,RAKE_00895,11:44,59,AVAILABLE,26.25580957562748
2023-08-16,RAKE_00896,23:21,59,AVAILABLE,44.99991513839794
2023-08-16,RAKE_00897,07:22,58,AVAILABLE,30.679485902926753
2023-08-17,RAKE_00898,15:42,59,MAINTENANCE,33.78909640158901
2023-08-17,RAKE_00899,09:47,59,UNDER_LOADING,37.23130836762928
2023-08-17,RAKE_00900,23:45,58,UNDER_LOADING,25.039727907620538
2023-08-17,RAKE_00901,21:12,58,AVAILABLE,47.93173859038794
2023-08-17,RAKE_00902,20:55,59,UNDER_LOADING,35.69394316403295
2023-08-17,RAKE_00903,09:00,58,AVAILABLE,34.09408805806116
2023-08-17,RAKE_00904,23:56,58,AVAILABLE,18.793478682519506
2023-08-18,RAKE_00905,08:18,59,UNDER_LOADING,25.1353494403971
2023-08-18,RAKE_00906,10:25,59,UNDER_LOADING,26.39145398610599
2023-08-18,RAKE_00907,08:12,58,UNDER_LOADING,41.895150842643204
2023-08-19,RAKE_00908,02:30,59,AVAILABLE,22.21058040016505
2023-08-19,RAKE_00909,20:58,59,AVAILABLE,40.19422463835227
2023-08-19,RAKE_00910,04:23,59,AVAILABLE,38.840585054917696
2023-08-19,RAKE_00911,09:56,59,AVAILABLE,44.756861955598154
2023-08-19,RAKE_00912,05:58,58,AVAILABLE,19.535853093964132
2023-08-20,RAKE_00913,13:15,58,AVAILABLE,37.34840888897682
2023-08-20,RAKE_00914,18:34,58,AVAILABLE,30.436761457800923
2023-08-20,RAKE_00915,13:56,59,AVAILABLE,44.74811216989103
2023-08-21,RAKE_00916,05:43,59,UNDER_LOADING,20.900848828679283
2023-08-21,RAKE_00917,14:28,59,AVAILABLE,35.21358911871712
2023-08-21,RAKE_00918,19:54,59,AVAILABLE,42.39943488095794
2023-08-21,RAKE_00919,17:34,58,MAINTENANCE,22.128487751804577
2023-08-22,RAKE_00920,09:19,58,AVAILABLE,38.94546763887855
2023-08-22,RAKE_00921,09:50,59,AVAILABLE,35.10051246004038
2023-08-22,RAKE_00922,19:15,58,UNDER_LOADING,19.56519604802916
2023-08-23,RAKE_00923,01:15,59,AVAILABLE,45.01972764326362
2023-08-23,RAKE_00924,10:06,59,AVAILABLE,40.69868128694445
2023-08-23,RAKE_00925,17:07,59,AVAILABLE,23.773702534203235
2023-08-23,RAKE_00926,02:35,59,AVAILABLE,46.92498543170743
2023-08-23,RAKE_00927,14:11,59,AVAILABLE,39.70399717595349
2023-08-23,RAKE_00928,19:36,58,AVAILABLE,46.111989873318535
2023-08-24,RAKE_00929,02:04,58,AVAILABLE,19.651768133469467
2023-08-24,RAKE_00930,06:51,58,AVAILABLE,24.45389406701242
2023-08-24,RAKE_00931,05:17,59,UNDER_LOADING,27.325385035999545
2023-08-25,RAKE_00932,02:04,59,AVAILABLE,43.20392941799601
2023-08-25,RAKE_00933,05:28,58,UNDER_LOADING,30.048014706504944
2023-08-25,RAKE_00934,16:36,58,AVAILABLE,26.204154753447042
2023-08-25,RAKE_00935,20:01,58,AVAILABLE,20.3817755218717
2023-08-25,RAKE_00936,18:28,58,UNDER_LOADING,47.95156163935907
2023-08-25,RAKE_00937,14:26,59,AVAILABLE,46.9876732229031
2023-08-25,RAKE_00938,10:50,59,AVAILABLE,32.34978324464348
2023-08-25,RAKE_00939,04:15,58,AVAILABLE,23.662515453610688
2023-08-25,RAKE_00940,02:36,58,AVAILABLE,43.224764437294795
2023-08-25,RAKE_00941,07:20,59,UNDER_LOADING,20.518111517148164
2023-08-25,RAKE_00942,07:48,58,AVAILABLE,22.975620471854594
2023-08-26,RAKE_00943,13:30,58,AVAILABLE,23.787607981852837
2023-08-26,RAKE_00944,11:09,59,AVAILABLE,29.3533923834054
2023-08-26,RAKE_00945,15:07,58,AVAILABLE,36.669865759905065
2023-08-26,RAKE_00946,02:28,58,AVAILABLE,25.553126064351314
2023-08-27,RAKE_00947,03:29,59,AVAILABLE,45.50855677264238
2023-08-27,RAKE_00948,22:27,58,UNDER_LOADING,42.36481950550221
2023-08-28,RAKE_00949,04:56,59,AVAILABLE,22.28477188199838
2023-08-29,RAKE_00950,07:58,59,AVAILABLE,38.597534580036736
2023-08-29,RAKE_00951,14:56,58,AVAILABLE,35.24453427608317
2023-08-29,RAKE_00952,16:35,58,AVAILABLE,33.80058299391061
2023-08-30,RAKE_00953,01:37,58,AVAILABLE,24.667875746761982
2023-08-30,RAKE_00954,19:33,58,AVAILABLE,26.703181213447102
2023-08-30,RAKE_00955,06:35,59,UNDER_LOADING,26.031893435004914
2023-08-30,RAKE_00956,02:58,58,UNDER_LOADING,22.49368213592995
2023-08-31,RAKE_00957,04:17,59,UNDER_LOADING,19.056426106280046
2023-08-31,RAKE_00958,20:52,58,AVAILABLE,23.093574656722843
2023-08-31,RAKE_00959,16:19,59,AVAILABLE,43.7531580270397
2023-08-31,RAKE_00960,01:55,59,UNDER_LOADING,34.04357270998621
2023-08-31,RAKE_00961,12:25,59,UNDER_LOADING,33.78059562462541
2023-08-31,RAKE_00962,14:19,58,UNDER_LOADING,22.30830729682867
2023-09-01,RAKE_00963,12:21,59,AVAILABLE,40.510784138384636
2023-09-01,RAKE_00964,09:54,59,AVAILABLE,18.79885383459361
2023-09-01,RAKE_00965,20:41,59,AVAILABLE,46.67021580542399
2023-09-02,RAKE_00966,13:18,59,AVAILABLE,23.438448857989485
2023-09-02,RAKE_00967,21:24,59,AVAILABLE,31.699203400069635
2023-09-04,RAKE_00968,03:48,59,MAINTENANCE,30.380786308562787
2023-09-04,RAKE_00969,11:41,58,AVAILABLE,36.34705798405058
2023-09-04,RAKE_00970,01:56,58,AVAILABLE,29.244535013798163
2023-09-04,RAKE_00971,05:42,59,AVAILABLE,36.10743315619757
2023-09-05,RAKE_00972,22:19,58,UNDER_LOADING,30.28623397639131
2023-09-05,RAKE_00973,21:26,58,AVAILABLE,42.131029871058594
2023-09-06,RAKE_00974,13:33,59,AVAILABLE,27.554757501712224
2023-09-06,RAKE_00975,05:17,59,AVAILABLE,36.18952719300678
2023-09-06,RAKE_00976,13:04,59,AVAILABLE,31.82498088124754
2023-09-06,RAKE_00977,09:44,59,AVAILABLE,22.810563723413317
2023-09-07,RAKE_00978,13:32,58,AVAILABLE,26.48542415634877
2023-09-07,RAKE_00979,16:53,58,MAINTENANCE,27.836263511290525
2023-09-07,RAKE_00980,13:21,58,UNDER_LOADING,43.65628303893159
2023-09-07,RAKE_00981,06:43,59,AVAILABLE,46.18567089759179
2023-09-07,RAKE_00982,13:40,58,UNDER_LOADING,23.83683139564907
2023-09-07,RAKE_00983,19:00,58,AVAILABLE,47.555892322937275
2023-09-08,RAKE_00984,03:19,58,UNDER_LOADING,45.888135340053935
2023-09-08,RAKE_00985,22:55,58,AVAILABLE,22.74907203722137
2023-09-09,RAKE_00986,07:39,58,AVAILABLE,28.239656140715006
2023-09-09,RAKE_00987,03:28,59,AVAILABLE,46.037518938151955
2023-09-09,RAKE_00988,04:26,58,UNDER_LOADING,26.731408928942784
2023-09-09,RAKE_00989,17:55,58,AVAILABLE,31.7626715064495
2023-09-09,RAKE_00990,09:51,59,AVAILABLE,37.815401498573124
2023-09-10,RAKE_00991,07:24,58,UNDER_LOADING,23.415507901419723
2023-09-10,RAKE_00992,10:50,58,AVAILABLE,21.917043459729836
2023-09-10,RAKE_00993,22:43,58,AVAILABLE,35.80890767448771
2023-09-11,RAKE_00994,05:19,59,AVAILABLE,41.855227156832086
2023-09-12,RAKE_00995,13:18,59,AVAILABLE,28.26228224617342
2023-09-12,RAKE_00996,18:36,58,UNDER_LOADING,22.324132222340165
2023-09-12,RAKE_00997,21:50,59,UNDER_LOADING,19.98730424791992
2023-09-12,RAKE_00998,07:31,59,AVAILABLE,38.329187710282596
2023-09-12,RAKE_00999,21:56,59,AVAILABLE,19.28386498651766
2023-09-12,RAKE_01000,03:43,58,UNDER_LOADING,20.354917392825534
2023-09-13,RAKE_01001,01:59,59,AVAILABLE,46.591662451509265
2023-09-14,RAKE_01002,17:55,59,AVAILABLE,42.0554376503396
2023-09-15,RAKE_01003,07:03,58,AVAILABLE,35.783925439580486
2023-09-15,RAKE_01004,09:15,58,AVAILABLE,23.45778098725167
2023-09-15,RAKE_01005,15:57,59,AVAILABLE,40.89173029124818
2023-09-16,RAKE_01006,14:16,59,AVAILABLE,23.605094103069376
2023-09-17,RAKE_01007,21:49,58,UNDER_LOADING,47.42879091311269
2023-09-17,RAKE_01008,08:19,59,AVAILABLE,21.60343125210772
2023-09-17,RAKE_01009,19:22,59,UNDER_LOADING,23.320707567159587
2023-09-18,RAKE_01010,00:08,59,MAINTENANCE,40.116363064894486
2023-09-18,RAKE_01011,08:53,59,AVAILABLE,37.693344725990514
2023-09-18,RAKE_01012,16:56,59,AVAILABLE,36.6902594510091
2023-09-18,RAKE_01013,23:06,59,AVAILABLE,45.047233330419814
2023-09-18,RAKE_01014,09:25,58,AVAILABLE,44.70034841963517
2023-09-18,RAKE_01015,19:37,59,MAINTENANCE,41.33590316381961
2023-09-18,RAKE_01016,17:54,58,AVAILABLE,34.611768675661324
2023-09-19,RAKE_01017,22:03,58,AVAILABLE,28.26869359053713
2023-09-19,RAKE_01018,18:49,58,AVAILABLE,19.688754307554834
2023-09-19,RAKE_01019,01:30,59,AVAILABLE,36.96402346790333
2023-09-20,RAKE_01020,06:58,59,AVAILABLE,19.554272217310764
2023-09-20,RAKE_01021,10:48,58,AVAILABLE,41.7220906460091
2023-09-20,RAKE_01022,10:22,58,AVAILABLE,21.994442195437763
2023-09-20,RAKE_01023,03:47,58,AVAILABLE,39.35977009673003
2023-09-20,RAKE_01024,06:33,58,UNDER_LOADING,32.710213256577475
2023-09-20,RAKE_01025,03:54,59,AVAILABLE,47.82048678088859
2023-09-20,RAKE_01026,23:06,58,UNDER_LOADING,35.0448068431251
2023-09-20,RAKE_01027,03:04,59,UNDER_LOADING,33.51936344778934
2023-09-21,RAKE_01028,10:05,59,UNDER_LOADING,35.41177386556829
2023-09-21,RAKE_01029,06:23,59,UNDER_LOADING,31.473062441791328
2023-09-21,RAKE_01030,09:00,59,UNDER_LOADING,47.01041274533888
2023-09-21,RAKE_01031,07:05,58,AVAILABLE,38.31142174513108
2023-09-22,RAKE_01032,00:21,59,AVAILABLE,25.11191986985655
2023-09-22,RAKE_01033,10:40,58,UNDER_LOADING,37.82907314213231
2023-09-22,RAKE_01034,15:08,59,AVAILABLE,19.953998589822103
2023-09-22,RAKE_01035,03:47,58,AVAILABLE,26.38191971334191
2023-09-22,RAKE_01036,17:32,59,AVAILABLE,34.757408699101816
2023-09-23,RAKE_01037,22:46,59,UNDER_LOADING,42.592186418370304
2023-09-23,RAKE_01038,02:16,59,UNDER_LOADING,37.555445010959936
2023-09-23,RAKE_01039,23:37,59,AVAILABLE,45.243072086820945
2023-09-23,RAKE_01040,01:25,58,AVAILABLE,33.389095479968326
2023-09-23,RAKE_01041,01:32,58,UNDER_LOADING,34.06542460223791
2023-09-23,RAKE_01042,23:51,59,AVAILABLE,38.94240169050617
2023-09-23,RAKE_01043,11:55,58,AVAILABLE,45.677565746029096
2023-09-23,RAKE_01044,10:19,58,AVAILABLE,41.34301600595749
2023-09-24,RAKE_01045,04:38,58,AVAILABLE,40.597371186865146
2023-09-24,RAKE_01046,10:31,58,UNDER_LOADING,34.718857092260926
2023-09-24,RAKE_01047,15:27,58,AVAILABLE,34.53562176816714
2023-09-24,RAKE_01048,05:21,58,MAINTENANCE,42.16119783405118
2023-09-25,RAKE_01049,21:39,58,AVAILABLE,23.930826884600027
2023-09-25,RAKE_01050,22:28,58,AVAILABLE,41.68545930417666
2023-09-26,RAKE_01051,14:12,59,MAINTENANCE,25.275443467989486
2023-09-26,RAKE_01052,06:21,59,AVAILABLE,21.096615190820295
2023-09-26,RAKE_01053,21:04,59,UNDER_LOADING,37.515064513161434
2023-09-27,RAKE_01054,12:13,58,UNDER_LOADING,24.190155205500876
2023-09-27,RAKE_01055,10:20,59,AVAILABLE,26.566811648196634
2023-09-27,RAKE_01056,18:21,58,AVAILABLE,27.260891394701655
2023-09-27,RAKE_01057,02:13,58,AVAILABLE,22.278553287523163
2023-09-27,RAKE_01058,09:59,59,AVAILABLE,34.87239360612312
2023-09-28,RAKE_01059,17:28,58,AVAILABLE,32.22369493724631
2023-09-28,RAKE_01060,13:38,58,AVAILABLE,22.450535601372984
2023-09-28,RAKE_01061,11:53,59,UNDER_LOADING,42.4741666172352
2023-09-28,RAKE_01062,00:00,58,MAINTENANCE,44.443947299997276
2023-09-28,RAKE_01063,01:06,58,AVAILABLE,19.108397006796427
2023-09-28,RAKE_01064,17:28,58,UNDER_LOADING,46.94820707380059
2023-09-28,RAKE_01065,17:45,59,AVAILABLE,43.03727396575136
2023-09-28,RAKE_01066,19:27,58,AVAILABLE,23.651175933796775
2023-09-28,RAKE_01067,07:23,58,AVAILABLE,35.73706729456076
2023-09-29,RAKE_01068,08:29,58,AVAILABLE,44.80882380192017
2023-09-29,RAKE_01069,10:18,59,AVAILABLE,31.713938059561496
2023-09-29,RAKE_01070,10:23,58,UNDER_LOADING,26.636545866259134
2023-09-29,RAKE_01071,02:28,59,AVAILABLE,23.29582396208856
2023-09-29,RAKE_01072,07:34,59,AVAILABLE,46.40272366673189
2023-09-30,RAKE_01073,15:16,59,AVAILABLE,43.02186708677054
2023-10-01,RAKE_01074,01:24,58,UNDER_LOADING,47.76743132599931
2023-10-01,RAKE_01075,20:18,59,UNDER_LOADING,40.48217934511193
2023-10-01,RAKE_01076,12:12,58,UNDER_LOADING,25.577506222070575
2023-10-02,RAKE_01077,22:59,59,UNDER_LOADING,27.386654056230658
2023-10-02,RAKE_01078,08:32,59,AVAILABLE,46.83336838594822
2023-10-02,RAKE_01079,11:29,59,AVAILABLE,33.248455157675494
2023-10-02,RAKE_01080,22:28,59,MAINTENANCE,35.00334690333099
2023-10-02,RAKE_01081,01:28,59,UNDER_LOADING,35.18252922446109
2023-10-02,RAKE_01082,01:02,59,UNDER_LOADING,43.180162025782614
2023-10-02,RAKE_01083,06:22,58,UNDER_LOADING,44.25403482832819
2023-10-02,RAKE_01084,23:19,58,AVAILABLE,25.42462984471103
2023-10-02,RAKE_01085,02:22,58,MAINTENANCE,46.39033266545016
2023-10-03,RAKE_01086,19:48,58,UNDER_LOADING,31.339104195017374
2023-10-03,RAKE_01087,17:03,59,AVAILABLE,21.818033189611675
2023-10-04,RAKE_01088,14:19,58,UNDER_LOADING,43.05277020824403
2023-10-04,RAKE_01089,11:19,59,AVAILABLE,36.869919475939085
2023-10-04,RAKE_01090,17:32,59,AVAILABLE,25.35298373101285
2023-10-05,RAKE_01091,22:41,58,AVAILABLE,21.103744398306635
2023-10-05,RAKE_01092,03:29,59,AVAILABLE,40.479936581618574
2023-10-05,RAKE_01093,23:53,58,AVAILABLE,43.13795095914898
2023-10-05,RAKE_01094,12:09,58,MAINTENANCE,42.411689806389376
2023-10-06,RAKE_01095,21:16,58,AVAILABLE,33.73418954780186
2023-10-06,RAKE_01096,12:03,58,AVAILABLE,40.66971429007641
2023-10-06,RAKE_01097,19:36,58,UNDER_LOADING,25.805742137662946
2023-10-06,RAKE_01098,07:01,59,AVAILABLE,29.65379522983975
2023-10-07,RAKE_01099,00:59,58,UNDER_LOADING,45.80543237554758
2023-10-07,RAKE_01100,11:55,58,UNDER_LOADING,38.52311329960325
2023-10-07,RAKE_01101,06:10,58,UNDER_LOADING,39.23440087120527
2023-10-07,RAKE_01102,20:26,58,AVAILABLE,30.440362100314534
2023-10-08,RAKE_01103,14:06,59,AVAILABLE,33.15485716613231
2023-10-08,RAKE_01104,18:14,58,AVAILABLE,32.707014237483904
2023-10-08,RAKE_01105,01:28,58,AVAILABLE,33.942277278026225
2023-10-08,RAKE_01106,06:01,58,AVAILABLE,25.70720446210746
2023-10-08,RAKE_01107,23:05,59,UNDER_LOADING,21.87833482532159
2023-10-08,RAKE_01108,10:38,59,AVAILABLE,33.68864697359934
2023-10-09,RAKE_01109,08:05,58,AVAILABLE,31.279282919322732
2023-10-09,RAKE_01110,09:44,58,AVAILABLE,47.44950166764697
2023-10-09,RAKE_01111,15:08,58,UNDER_LOADING,29.657711696569482
2023-10-09,RAKE_01112,00:55,58,UNDER_LOADING,25.326964777543957
2023-10-09,RAKE_01113,05:16,59,AVAILABLE,31.31803108892369
2023-10-09,RAKE_01114,05:36,58,UNDER_LOADING,38.32130181377143
2023-10-09,RAKE_01115,10:23,59,AVAILABLE,22.231560098627575
2023-10-09,RAKE_01116,15:22,58,AVAILABLE,41.03872928742711
2023-10-09,RAKE_01117,05:55,58,AVAILABLE,31.180234862648586
2023-10-10,RAKE_01118,23:56,59,AVAILABLE,20.716385915126576
2023-10-11,RAKE_01119,07:27,59,UNDER_LOADING,39.90990758219665
2023-10-11,RAKE_01120,04:52,58,UNDER_LOADING,22.421586251442864
2023-10-12,RAKE_01121,21:05,59,AVAILABLE,39.56504406005014
2023-10-12,RAKE_01122,08:00,58,AVAILABLE,45.698340399897965
2023-10-13,RAKE_01123,02:35,58,AVAILABLE,32.843472735875665
2023-10-13,RAKE_01124,15:48,59,AVAILABLE,45.1639795596038
2023-10-13,RAKE_01125,22:53,59,AVAILABLE,23.575005801503167
2023-10-13,RAKE_01126,15:26,58,AVAILABLE,30.085899594139356
2023-10-13,RAKE_01127,12:45,58,AVAILABLE,22.404315100104462
2023-10-13,RAKE_01128,02:15,59,AVAILABLE,38.068224077348205
2023-10-13,RAKE_01129,15:48,58,AVAILABLE,25.646194853941495
2023-10-13,RAKE_01130,05:35,59,AVAILABLE,45.981476619433366
2023-10-14,RAKE_01131,07:38,58,UNDER_LOADING,29.441442595809313
2023-10-14,RAKE_01132,21:15,58,UNDER_LOADING,20.298437302479577
2023-10-14,RAKE_01133,16:14,59,AVAILABLE,25.617984679314752
2023-10-14,RAKE_01134,08:54,59,MAINTENANCE,24.20483407743089
2023-10-14,RAKE_01135,11:48,58,UNDER_LOADING,29.72729560552224
2023-10-14,RAKE_01136,20:16,58,AVAILABLE,20.070072104216152
2023-10-14,RAKE_01137,14:11,58,UNDER_LOADING,30.45537879989142
2023-10-14,RAKE_01138,22:19,58,AVAILABLE,40.16038505028123
2023-10-14,RAKE_01139,17:14,58,AVAILABLE,34.18722770253329
2023-10-15,RAKE_01140,10:37,58,MAINTENANCE,19.948948040464987
2023-10-15,RAKE_01141,16:19,58,AVAILABLE,22.75305627466385
2023-10-15,RAKE_01142,03:30,59,UNDER_LOADING,20.224292098547338
2023-10-15,RAKE_01143,14:37,59,AVAILABLE,44.36170813338087
2023-10-16,RAKE_01144,14:57,58,UNDER_LOADING,35.58276471369723
2023-10-16,RAKE_01145,19:45,58,AVAILABLE,37.739522386814926
2023-10-16,RAKE_01146,23:29,58,AVAILABLE,35.22128915659829
2023-10-16,RAKE_01147,05:14,58,AVAILABLE,21.92280810949079
2023-10-16,RAKE_01148,20:43,58,AVAILABLE,46.85605387147716
2023-10-16,RAKE_01149,09:38,59,AVAILABLE,46.087118755478976
2023-10-16,RAKE_01150,23:09,59,UNDER_LOADING,30.807685234727323
2023-10-16,RAKE_01151,09:37,59,AVAILABLE,43.19950408042788
2023-10-16,RAKE_01152,03:00,59,AVAILABLE,23.74207070556158
2023-10-16,RAKE_01153,23:09,58,MAINTENANCE,44.892194650257736
2023-10-17,RAKE_01154,23:45,59,AVAILABLE,39.23612253683521
2023-10-17,RAKE_01155,19:27,58,AVAILABLE,29.48229495425117
2023-10-17,RAKE_01156,22:07,58,MAINTENANCE,33.03198378764682
2023-10-17,RAKE_01157,11:38,58,AVAILABLE,40.39377885976002
2023-10-17,RAKE_01158,08:08,58,UNDER_LOADING,18.743881323969074
2023-10-18,RAKE_01159,01:28,58,AVAILABLE,26.73352943144887
2023-10-18,RAKE_01160,14:05,58,AVAILABLE,43.714364339713065
2023-10-18,RAKE_01161,22:07,59,AVAILABLE,41.46919645016925
2023-10-18,RAKE_01162,10:07,58,UNDER_LOADING,38.40464665880019
2023-10-18,RAKE_01163,07:23,58,AVAILABLE,23.328717612700625
2023-10-19,RAKE_01164,06:13,59,AVAILABLE,25.481334166903007
2023-10-19,RAKE_01165,03:20,59,AVAILABLE,24.96840219447884
2023-10-19,RAKE_01166,08:06,58,AVAILABLE,34.8749530342887
2023-10-19,RAKE_01167,02:31,59,UNDER_LOADING,30.773744980425626
2023-10-20,RAKE_01168,08:33,58,AVAILABLE,24.60086176496376
2023-10-20,RAKE_01169,16:14,59,AVAILABLE,37.8828692983994
2023-10-20,RAKE_01170,16:58,58,UNDER_LOADING,34.31270379886726
2023-10-20,RAKE_01171,18:51,58,AVAILABLE,32.09752917760326
2023-10-21,RAKE_01172,01:39,58,AVAILABLE,39.86715330592309
2023-10-21,RAKE_01173,06:43,58,AVAILABLE,23.053115172924816
2023-10-21,RAKE_01174,05:32,59,UNDER_LOADING,42.237194590071226
2023-10-21,RAKE_01175,21:49,58,AVAILABLE,31.660823778288176
2023-10-21,RAKE_01176,10:24,59,AVAILABLE,46.73243385152814
2023-10-21,RAKE_01177,14:56,58,AVAILABLE,19.951685950242094
2023-10-21,RAKE_01178,05:36,59,AVAILABLE,23.40460376301686
2023-10-22,RAKE_01179,00:40,58,UNDER_LOADING,36.17694348771791
2023-10-22,RAKE_01180,18:26,59,AVAILABLE,26.971514029785215
2023-10-22,RAKE_01181,10:22,58,AVAILABLE,24.347258783191407
2023-10-22,RAKE_01182,17:35,59,AVAILABLE,34.21520032443543
2023-10-23,RAKE_01183,16:42,58,AVAILABLE,35.69063495869156
2023-10-24,RAKE_01184,08:52,59,AVAILABLE,43.8297893728589
2023-10-25,RAKE_01185,00:48,58,AVAILABLE,34.66321120654773
2023-10-25,RAKE_01186,13:25,58,AVAILABLE,34.695040764680485
2023-10-25,RAKE_01187,08:25,58,AVAILABLE,30.751283242135973
2023-10-25,RAKE_01188,20:22,59,UNDER_LOADING,38.42717303660204
2023-10-25,RAKE_01189,19:35,58,AVAILABLE,30.865856889922192
2023-10-26,RAKE_01190,08:55,58,AVAILABLE,20.67144825068165
2023-10-26,RAKE_01191,23:13,59,AVAILABLE,46.837544233183486
2023-10-26,RAKE_01192,02:30,59,UNDER_LOADING,25.463486105541016
2023-10-26,RAKE_01193,05:07,58,UNDER_LOADING,27.85084730371787
2023-10-27,RAKE_01194,08:18,59,AVAILABLE,30.318285856832027
2023-10-27,RAKE_01195,12:35,58,UNDER_LOADING,47.57913647571866
2023-10-27,RAKE_01196,01:07,59,AVAILABLE,44.26048260373335
2023-10-27,RAKE_01197,21:06,59,AVAILABLE,39.76374269827408
2023-10-27,RAKE_01198,10:54,58,AVAILABLE,33.83319293214549
2023-10-27,RAKE_01199,15:15,59,AVAILABLE,24.336242211941
2023-10-28,RAKE_01200,21:24,59,AVAILABLE,24.37896410210411
2023-10-28,RAKE_01201,10:06,59,AVAILABLE,47.17818244685276
2023-10-28,RAKE_01202,13:51,59,UNDER_LOADING,45.42500471866524
2023-10-28,RAKE_01203,18:52,58,AVAILABLE,22.864251155424398
2023-10-29,RAKE_01204,21:37,58,UNDER_LOADING,34.430094168121855
2023-10-29,RAKE_01205,15:35,59,AVAILABLE,18.717467495865666
2023-10-29,RAKE_01206,22:25,59,AVAILABLE,35.03077001520917
2023-10-29,RAKE_01207,12:01,59,AVAILABLE,37.1381797800008
2023-10-30,RAKE_01208,12:15,58,AVAILABLE,47.31638559721537
2023-10-30,RAKE_01209,08:28,59,AVAILABLE,33.07652868327004
2023-10-30,RAKE_01210,19:15,59,UNDER_LOADING,23.001715649630807
2023-10-30,RAKE_01211,13:30,58,AVAILABLE,45.93193575030847
2023-10-30,RAKE_01212,17:57,59,AVAILABLE,38.52757983767036
2023-10-30,RAKE_01213,00:49,59,UNDER_LOADING,31.2336477517271
2023-10-31,RAKE_01214,00:27,58,AVAILABLE,46.47978425804622
2023-10-31,RAKE_01215,18:16,59,AVAILABLE,39.82097328849017
2023-10-31,RAKE_01216,09:28,58,UNDER_LOADING,24.20780940731704
2023-11-01,RAKE_01217,01:57,58,AVAILABLE,25.867993232919126
2023-11-01,RAKE_01218,07:04,59,AVAILABLE,28.236172961401024
2023-11-01,RAKE_01219,02:46,59,AVAILABLE,22.13693255098396
2023-11-01,RAKE_01220,07:12,59,AVAILABLE,38.82442859805493
2023-11-02,RAKE_01221,00:17,59,AVAILABLE,20.62110038539027
2023-11-02,RAKE_01222,01:03,58,UNDER_LOADING,42.966661636973406
2023-11-02,RAKE_01223,06:23,58,AVAILABLE,37.391921563102
2023-11-02,RAKE_01224,13:42,59,MAINTENANCE,35.94605493848847
2023-11-02,RAKE_01225,10:19,58,AVAILABLE,46.93988437084744
2023-11-02,RAKE_01226,15:39,58,AVAILABLE,32.73713347311468
2023-11-03,RAKE_01227,22:43,59,UNDER_LOADING,25.84803912832112
2023-11-03,RAKE_01228,12:52,58,AVAILABLE,22.41375685418378
2023-11-03,RAKE_01229,11:22,59,AVAILABLE,28.060676899485568
2023-11-03,RAKE_01230,08:13,59,MAINTENANCE,34.591776687140495
2023-11-04,RAKE_01231,14:13,58,AVAILABLE,39.77071023146054
2023-11-04,RAKE_01232,14:50,58,AVAILABLE,31.53077494474816
2023-11-04,RAKE_01233,18:10,59,AVAILABLE,24.51480187718092
2023-11-05,RAKE_01234,19:16,59,AVAILABLE,38.704086152194805
2023-11-05,RAKE_01235,01:46,58,AVAILABLE,44.024418057895716
2023-11-05,RAKE_01236,23:16,59,AVAILABLE,41.46519578174878
2023-11-05,RAKE_01237,17:04,59,AVAILABLE,27.14178642033755
2023-11-05,RAKE_01238,16:12,59,AVAILABLE,40.86369255420629
2023-11-05,RAKE_01239,22:21,58,AVAILABLE,38.16854955848363
2023-11-05,RAKE_01240,15:45,58,AVAILABLE,35.2390544021708
2023-11-05,RAKE_01241,16:53,58,UNDER_LOADING,45.29600698643575
2023-11-06,RAKE_01242,16:16,59,AVAILABLE,25.825298938963705
2023-11-07,RAKE_01243,22:14,59,AVAILABLE,46.99067694160257
2023-11-07,RAKE_01244,08:04,59,AVAILABLE,18.69239679727806
2023-11-07,RAKE_01245,23:20,59,AVAILABLE,24.671422908618787
2023-11-07,RAKE_01246,11:21,58,AVAILABLE,36.36796693985049
2023-11-07,RAKE_01247,02:21,59,AVAILABLE,41.261164047201355
2023-11-08,RAKE_01248,07:39,58,UNDER_LOADING,46.20584326421078
2023-11-08,RAKE_01249,06:45,59,AVAILABLE,45.85793855952444
2023-11-09,RAKE_01250,11:14,58,MAINTENANCE,31.24510006339353
2023-11-09,RAKE_01251,05:07,59,AVAILABLE,35.57554817951754
2023-11-09,RAKE_01252,18:33,59,UNDER_LOADING,33.56824570438853
2023-11-10,RAKE_01253,23:24,59,AVAILABLE,47.468589938451814
2023-11-10,RAKE_01254,21:45,58,AVAILABLE,19.51126908699558
2023-11-10,RAKE_01255,11:06,59,AVAILABLE,22.79718214140394
2023-11-10,RAKE_01256,07:15,58,UNDER_LOADING,19.701669873642548
2023-11-11,RAKE_01257,02:12,59,AVAILABLE,44.15416478243597
2023-11-11,RAKE_01258,05:01,59,AVAILABLE,37.28079596097831
2023-11-12,RAKE_01259,01:35,59,AVAILABLE,27.105698575180817
2023-11-12,RAKE_01260,02:38,58,AVAILABLE,35.05840498789615
2023-11-12,RAKE_01261,15:31,59,MAINTENANCE,43.97266012562036
2023-11-13,RAKE_01262,13:22,58,UNDER_LOADING,41.23845607223401
2023-11-13,RAKE_01263,16:04,59,UNDER_LOADING,40.466986296760226
2023-11-13,RAKE_01264,20:34,58,UNDER_LOADING,31.98989276428034
2023-11-13,RAKE_01265,06:02,58,AVAILABLE,23.992218555359496
2023-11-14,RAKE_01266,20:49,58,AVAILABLE,37.386083288401736
2023-11-14,RAKE_01267,13:14,58,AVAILABLE,26.890757130740166
2023-11-14,RAKE_01268,22:49,59,AVAILABLE,24.515161752190984
2023-11-14,RAKE_01269,00:28,59,MAINTENANCE,34.11385911033828
2023-11-15,RAKE_01270,10:59,59,AVAILABLE,33.04609266363352
2023-11-15,RAKE_01271,02:05,59,UNDER_LOADING,30.547689913322632
2023-11-15,RAKE_01272,03:32,58,UNDER_LOADING,46.5850668980434
2023-11-15,RAKE_01273,06:07,58,AVAILABLE,32.05363914463606
2023-11-16,RAKE_01274,21:49,58,AVAILABLE,28.562481752288946
2023-11-16,RAKE_01275,08:02,58,UNDER_LOADING,41.14129840952407
2023-11-17,RAKE_01276,14:35,59,AVAILABLE,40.905833914938675
2023-11-17,RAKE_01277,07:12,58,UNDER_LOADING,42.74323372726454
2023-11-17,RAKE_01278,21:37,58,UNDER_LOADING,28.586482265212332
2023-11-17,RAKE_01279,19:42,59,AVAILABLE,23.05510101946473
2023-11-17,RAKE_01280,21:44,59,AVAILABLE,42.26305992479543
2023-11-17,RAKE_01281,11:33,59,UNDER_LOADING,20.41105229292876
2023-11-17,RAKE_01282,10:29,59,UNDER_LOADING,33.757939021893165
2023-11-18,RAKE_01283,02:25,58,UNDER_LOADING,19.379326220759562
2023-11-18,RAKE_01284,05:25,58,AVAILABLE,44.33861972844963
2023-11-18,RAKE_01285,21:08,58,AVAILABLE,28.869416629048338
2023-11-18,RAKE_01286,05:52,59,UNDER_LOADING,43.790196376553894
2023-11-18,RAKE_01287,06:06,59,AVAILABLE,18.40094010450943
2023-11-18,RAKE_01288,12:04,59,AVAILABLE,21.005444721484867
2023-11-18,RAKE_01289,19:41,58,AVAILABLE,26.450123988044062
2023-11-18,RAKE_01290,07:16,59,UNDER_LOADING,25.221001777644
2023-11-18,RAKE_01291,04:35,58,UNDER_LOADING,18.632615581213535
2023-11-19,RAKE_01292,17:50,59,UNDER_LOADING,38.1994585413008
2023-11-19,RAKE_01293,10:27,58,AVAILABLE,34.60871877993681
2023-11-19,RAKE_01294,08:00,58,AVAILABLE,39.360661375716205
2023-11-19,RAKE_01295,01:05,59,UNDER_LOADING,21.7352947926337
2023-11-19,RAKE_01296,18:11,59,MAINTENANCE,36.09155203530397
2023-11-21,RAKE_01297,23:11,59,UNDER_LOADING,46.740440943835296
2023-11-21,RAKE_01298,00:48,58,AVAILABLE,36.86094265438122
2023-11-22,RAKE_01299,11:10,59,AVAILABLE,39.61974179904079
2023-11-22,RAKE_01300,08:30,58,UNDER_LOADING,23.17007690998914
2023-11-22,RAKE_01301,02:48,59,AVAILABLE,19.549074966635416
2023-11-22,RAKE_01302,23:12,59,UNDER_LOADING,47.7636487319783
2023-11-23,RAKE_01303,08:59,59,AVAILABLE,34.58773655182522
2023-11-23,RAKE_01304,20:52,59,AVAILABLE,38.70494983313107
2023-11-23,RAKE_01305,18:25,59,AVAILABLE,36.42144113681425
2023-11-23,RAKE_01306,15:58,58,AVAILABLE,26.01524877705733
2023-11-23,RAKE_01307,16:24,58,UNDER_LOADING,30.427557478085095
2023-11-23,RAKE_01308,13:21,59,AVAILABLE,22.150467434497163
2023-11-24,RAKE_01309,06:41,59,MAINTENANCE,47.8725341152674
2023-11-24,RAKE_01310,22:31,58,AVAILABLE,18.49848959673252
2023-11-24,RAKE_01311,23:23,59,AVAILABLE,32.590289378411164
2023-11-24,RAKE_01312,23:42,59,MAINTENANCE,45.781840323870085
2023-11-25,RAKE_01313,21:00,59,AVAILABLE,28.519501730404524
2023-11-25,RAKE_01314,14:42,59,AVAILABLE,41.96264883770044
2023-11-25,RAKE_01315,23:19,59,AVAILABLE,41.55380902909666
2023-11-25,RAKE_01316,23:56,59,AVAILABLE,22.118290193838547
2023-11-25,RAKE_01317,14:26,59,AVAILABLE,23.18837498552033
2023-11-25,RAKE_01318,05:18,59,UNDER_LOADING,31.663883692166998
2023-11-26,RAKE_01319,17:07,59,AVAILABLE,40.0723193681326
2023-11-26,RAKE_01320,18:20,59,AVAILABLE,45.801582684069956
2023-11-27,RAKE_01321,15:02,58,UNDER_LOADING,26.425072500991476
2023-11-27,RAKE_01322,16:03,59,AVAILABLE,42.551567751998064
2023-11-27,RAKE_01323,13:47,58,MAINTENANCE,42.126861589589225
2023-11-27,RAKE_01324,17:42,59,AVAILABLE,36.458927501731665
2023-11-27,RAKE_01325,02:36,58,AVAILABLE,24.08000218936997
2023-11-28,RAKE_01326,01:49,58,AVAILABLE,38.52383236239592
2023-11-28,RAKE_01327,08:31,59,AVAILABLE,23.862015717769452
2023-11-28,RAKE_01328,19:26,59,UNDER_LOADING,44.63147548599716
2023-11-28,RAKE_01329,23:26,58,UNDER_LOADING,36.23076634763663
2023-11-29,RAKE_01330,20:44,58,AVAILABLE,28.261637628950417
2023-11-29,RAKE_01331,15:54,58,AVAILABLE,33.142479999431515
2023-11-30,RAKE_01332,22:28,59,AVAILABLE,42.33974120680317
2023-11-30,RAKE_01333,07:29,59,AVAILABLE,32.90148518197802
2023-11-30,RAKE_01334,23:12,58,AVAILABLE,21.73302992887607
2023-11-30,RAKE_01335,16:12,58,AVAILABLE,25.465446165977795
2023-12-01,RAKE_01336,07:26,58,AVAILABLE,23.552984287735672
2023-12-01,RAKE_01337,23:39,59,AVAILABLE,45.77663054823132
2023-12-01,RAKE_01338,20:32,58,AVAILABLE,28.945759194562992
2023-12-02,RAKE_01339,19:27,58,UNDER_LOADING,28.009697843590544
2023-12-02,RAKE_01340,01:19,58,AVAILABLE,25.659131094140122
2023-12-02,RAKE_01341,05:42,59,AVAILABLE,39.17428037166792
2023-12-02,RAKE_01342,12:14,59,AVAILABLE,38.54492613665109
2023-12-02,RAKE_01343,11:08,59,AVAILABLE,41.00263627010503
2023-12-03,RAKE_01344,14:01,59,AVAILABLE,37.50894922386257
2023-12-03,RAKE_01345,12:57,58,AVAILABLE,22.11773281103302
2023-12-03,RAKE_01346,04:27,59,AVAILABLE,19.94345683308347
2023-12-03,RAKE_01347,11:09,59,AVAILABLE,41.238312917007704
2023-12-04,RAKE_01348,06:25,58,UNDER_LOADING,45.20089684944514
2023-12-04,RAKE_01349,14:33,59,UNDER_LOADING,24.776277494750527
2023-12-04,RAKE_01350,00:40,59,AVAILABLE,39.167150947406924
2023-12-04,RAKE_01351,04:41,58,AVAILABLE,23.595048749104265
2023-12-06,RAKE_01352,13:12,58,MAINTENANCE,45.36759692193054
2023-12-06,RAKE_01353,04:11,59,AVAILABLE,28.564537610871355
2023-12-06,RAKE_01354,18:01,58,AVAILABLE,28.544442739812787
2023-12-06,RAKE_01355,00:51,58,AVAILABLE,34.26622928622963
2023-12-07,RAKE_01356,22:46,59,UNDER_LOADING,34.29084036293109
2023-12-08,RAKE_01357,16:10,59,AVAILABLE,20.497948285987448
2023-12-09,RAKE_01358,12:29,58,AVAILABLE,39.68880159343848
2023-12-09,RAKE_01359,20:34,58,AVAILABLE,19.344787096800143
2023-12-09,RAKE_01360,00:15,58,AVAILABLE,19.9400222557641
2023-12-09,RAKE_01361,10:44,58,UNDER_LOADING,38.329212801115816
2023-12-10,RAKE_01362,21:23,59,UNDER_LOADING,28.342971922972183
2023-12-10,RAKE_01363,00:36,59,AVAILABLE,42.810787753454896
2023-12-10,RAKE_01364,22:08,59,AVAILABLE,22.835985877451122
2023-12-10,RAKE_01365,13:11,59,UNDER_LOADING,29.496192198834393
2023-12-10,RAKE_01366,17:46,58,UNDER_LOADING,28.053215773648343
2023-12-11,RAKE_01367,01:41,58,AVAILABLE,39.44677874779216
2023-12-11,RAKE_01368,15:37,58,AVAILABLE,31.31403011162955
2023-12-12,RAKE_01369,02:06,59,AVAILABLE,20.882018734758425
2023-12-13,RAKE_01370,12:21,59,AVAILABLE,19.715198089096898
2023-12-13,RAKE_01371,17:51,58,AVAILABLE,23.36013157005982
2023-12-13,RAKE_01372,14:59,58,AVAILABLE,29.934027843240877
2023-12-13,RAKE_01373,04:45,59,UNDER_LOADING,26.810205894976278
2023-12-14,RAKE_01374,03:09,58,AVAILABLE,45.85940550569268
2023-12-14,RAKE_01375,13:22,59,AVAILABLE,44.704657308078325
2023-12-15,RAKE_01376,01:56,58,AVAILABLE,35.44857543974069
2023-12-15,RAKE_01377,02:58,59,AVAILABLE,40.15223130176658
2023-12-15,RAKE_01378,05:10,58,UNDER_LOADING,38.71662052221164
2023-12-15,RAKE_01379,13:13,58,UNDER_LOADING,47.04509667341084
2023-12-15,RAKE_01380,21:13,58,AVAILABLE,42.280083702529815
2023-12-15,RAKE_01381,04:15,59,UNDER_LOADING,26.16740452502846
2023-12-16,RAKE_01382,20:30,59,AVAILABLE,39.526796481428555
2023-12-16,RAKE_01383,17:52,58,AVAILABLE,24.45766930710881
2023-12-16,RAKE_01384,11:24,59,AVAILABLE,27.121231511526855
2023-12-16,RAKE_01385,08:48,59,AVAILABLE,21.278221631373807
2023-12-16,RAKE_01386,01:38,58,MAINTENANCE,36.56454599050046
2023-12-16,RAKE_01387,12:56,58,AVAILABLE,44.61503438913644
2023-12-17,RAKE_01388,03:15,58,AVAILABLE,24.332998864853035
2023-12-17,RAKE_01389,03:13,58,AVAILABLE,39.357535114699175
2023-12-17,RAKE_01390,15:07,58,AVAILABLE,19.804745928663362
2023-12-17,RAKE_01391,13:21,59,UNDER_LOADING,47.72539298693084
2023-12-17,RAKE_01392,06:20,59,UNDER_LOADING,37.893357066215174
2023-12-17,RAKE_01393,12:44,59,AVAILABLE,29.736002290461293
2023-12-17,RAKE_01394,22:28,59,AVAILABLE,30.237189433851547
2023-12-18,RAKE_01395,15:11,59,AVAILABLE,19.580369506841855
2023-12-18,RAKE_01396,14:35,58,AVAILABLE,34.563387841239695
2023-12-18,RAKE_01397,10:18,59,AVAILABLE,21.529967181768626
2023-12-18,RAKE_01398,09:22,59,UNDER_LOADING,18.616688523849056
2023-12-18,RAKE_01399,21:12,59,AVAILABLE,20.89744237338787
2023-12-19,RAKE_01400,14:55,58,AVAILABLE,43.34485299518727
2023-12-19,RAKE_01401,20:13,59,AVAILABLE,19.101839064574648
2023-12-20,RAKE_01402,12:58,59,AVAILABLE,25.668506181523863
2023-12-20,RAKE_01403,19:02,58,AVAILABLE,34.32368266036971
2023-12-20,RAKE_01404,15:51,59,AVAILABLE,29.171133986979562
2023-12-20,RAKE_01405,23:29,59,AVAILABLE,40.87382456161623
2023-12-21,RAKE_01406,18:07,58,UNDER_LOADING,32.516331890164224
2023-12-21,RAKE_01407,00:22,58,AVAILABLE,33.148963396476375
2023-12-21,RAKE_01408,06:59,59,AVAILABLE,28.59600229853622
2023-12-21,RAKE_01409,13:44,59,AVAILABLE,33.270382980328606
2023-12-21,RAKE_01410,13:01,58,AVAILABLE,28.812231634159723
2023-12-21,RAKE_01411,23:42,59,UNDER_LOADING,20.70634506708849
2023-12-21,RAKE_01412,06:13,59,AVAILABLE,43.36698082224773
2023-12-22,RAKE_01413,06:13,59,UNDER_LOADING,44.54452831433689
2023-12-22,RAKE_01414,20:56,58,AVAILABLE,44.528383211228665
2023-12-22,RAKE_01415,11:56,59,AVAILABLE,43.89937641057875
2023-12-22,RAKE_01416,00:34,59,AVAILABLE,44.88441755149209
2023-12-22,RAKE_01417,08:35,59,AVAILABLE,27.65488735530916
2023-12-23,RAKE_01418,15:09,58,UNDER_LOADING,26.298224492936484
2023-12-23,RAKE_01419,08:19,59,AVAILABLE,43.06734734911627
2023-12-23,RAKE_01420,16:11,58,AVAILABLE,22.644967615829632
2023-12-23,RAKE_01421,06:11,59,AVAILABLE,37.19927708619174
2023-12-23,RAKE_01422,00:23,58,UNDER_LOADING,35.42965192001976
2023-12-23,RAKE_01423,01:51,58,AVAILABLE,30.865114151887425
2023-12-24,RAKE_01424,03:46,58,UNDER_LOADING,19.376146419661808
2023-12-24,RAKE_01425,01:09,58,AVAILABLE,44.78911236561986
2023-12-25,RAKE_01426,08:19,58,AVAILABLE,36.966847446854715
2023-12-25,RAKE_01427,14:14,58,UNDER_LOADING,19.908209747304166
2023-12-26,RAKE_01428,20:01,59,UNDER_LOADING,25.030854840657526
2023-12-26,RAKE_01429,08:13,59,AVAILABLE,32.94050328708536
2023-12-26,RAKE_01430,16:22,58,AVAILABLE,23.32992249412966
2023-12-26,RAKE_01431,09:17,59,AVAILABLE,26.75032827340082
2023-12-26,RAKE_01432,10:51,58,UNDER_LOADING,34.183722535174596
2023-12-26,RAKE_01433,14:26,58,AVAILABLE,44.266008123630314
2023-12-26,RAKE_01434,15:18,58,UNDER_LOADING,25.96947136971958
2023-12-27,RAKE_01435,22:54,58,AVAILABLE,24.2204311642047
2023-12-27,RAKE_01436,07:02,59,AVAILABLE,44.874293882190024
2023-12-27,RAKE_01437,12:18,58,UNDER_LOADING,46.242877556670344
2023-12-27,RAKE_01438,09:50,58,AVAILABLE,35.901470355092634
2023-12-27,RAKE_01439,10:27,58,MAINTENANCE,31.132936444196687
2023-12-27,RAKE_01440,17:45,59,UNDER_LOADING,22.33537522762652
2023-12-27,RAKE_01441,21:20,58,AVAILABLE,26.543826169952567
2023-12-28,RAKE_01442,09:22,59,AVAILABLE,36.71433944249241
2023-12-28,RAKE_01443,22:32,59,MAINTENANCE,43.81452001871592
2023-12-28,RAKE_01444,09:30,58,MAINTENANCE,42.31924800760258
2023-12-30,RAKE_01445,20:56,58,UNDER_LOADING,41.37983788111069
2023-12-30,RAKE_01446,17:30,58,UNDER_LOADING,37.84228781247274
2023-12-31,RAKE_01447,11:04,59,AVAILABLE,28.80303590090555
2023-12-31,RAKE_01448,14:53,59,UNDER_LOADING,42.26612629517297
2023-12-31,RAKE_01449,02:08,59,AVAILABLE,26.536111094438994
2023-12-31,RAKE_01450,11:06,58,UNDER_LOADING,18.13268640385225
