date,dispatch_id,rake_id,route,material_type,tonnes_dispatched,delay_hours,status
2023-01-01,DISP_000001,RAKE_00011,Patna,CR_Coils,2283.106743246465,0.0,DELIVERED
2023-01-01,DISP_000002,RAKE_00397,Ranchi,Pig_Iron,2797.670070587521,1.5661086154786952,DISPATCHED
2023-01-02,DISP_000003,RAKE_00041,Durgapur,Pig_Iron,2149.7968305414665,0.0,DISPATCHED
2023-01-02,DISP_000004,RAKE_00137,Ranchi,Pig_Iron,3001.319368665104,0.0,DELIVERED
2023-01-03,DISP_000005,RAKE_00371,Kolkata,Plates,3493.400990614427,0.0,DISPATCHED
2023-01-03,DISP_000006,RAKE_00402,Patna,CR_Coils,2916.381144638529,0.0,DELIVERED
2023-01-03,DISP_000007,RAKE_00048,Patna,TMT_Bars,3030.911542051132,0.0,DELIVERED
2023-01-03,DISP_000008,RAKE_00403,Haldia,CR_Coils,3151.3308337922654,0.0,IN_TRANSIT
2023-01-04,DISP_000009,RAKE_00492,Patna,Wire_Rods,3617.5415227613034,0.0,DISPATCHED
2023-01-04,DISP_000010,RAKE_00341,Haldia,TMT_Bars,2681.604324836832,5.496136808360463,IN_TRANSIT
2023-01-04,DISP_000011,RAKE_00373,Haldia,Pig_Iron,2442.9280749656423,0.0,DELIVERED
2023-01-05,DISP_000012,RAKE_00221,Haldia,CR_Coils,2754.469282247543,0.0,DISPATCHED
2023-01-05,DISP_000013,RAKE_00448,Patna,Billets,3154.470464941288,0.0,IN_TRANSIT
2023-01-05,DISP_000014,RAKE_00100,Haldia,Plates,2477.076892204075,5.942925884088255,DISPATCHED
2023-01-05,DISP_000015,RAKE_00318,Ranchi,TMT_Bars,2507.9141305731537,0.0,DELIVERED
2023-01-06,DISP_000016,RAKE_00365,Ranchi,Plates,2976.7128047734805,0.0,DISPATCHED
2023-01-06,DISP_000017,RAKE_00478,Patna,Plates,3562.934503433037,0.0,IN_TRANSIT
2023-01-06,DISP_000018,RAKE_00364,Ranchi,HR_Coils,3462.5925119997682,0.0,DELIVERED
2023-01-07,DISP_000019,RAKE_00143,Haldia,Pig_Iron,3431.327555424009,6.974108296076713,IN_TRANSIT
2023-01-07,DISP_000020,RAKE_00285,Durgapur,CR_Coils,2243.4598208038874,0.0,DISPATCHED
2023-01-07,DISP_000021,RAKE_00127,Kolkata,HR_Coils,2065.5473464515176,0.0,DISPATCHED
2023-01-07,DISP_000022,RAKE_00438,Kolkata,CR_Coils,2289.8958364155164,0.0,DISPATCHED
2023-01-08,DISP_000023,RAKE_00352,Haldia,CR_Coils,3343.5323563062407,0.0,DELIVERED
2023-01-08,DISP_000024,RAKE_00085,Haldia,Wire_Rods,2745.60510550012,0.0,IN_TRANSIT
2023-01-08,DISP_000025,RAKE_00104,Ranchi,Billets,2258.802135850909,0.0,DISPATCHED
2023-01-08,DISP_000026,RAKE_00112,Patna,HR_Coils,3024.8628145067487,0.0,DISPATCHED
2023-01-09,DISP_000027,RAKE_00260,Ranchi,Billets,3201.5758885306886,2.3722029387986527,DELIVERED
2023-01-09,DISP_000028,RAKE_00316,Haldia,Wire_Rods,2759.2210680834824,0.0,IN_TRANSIT
2023-01-09,DISP_000029,RAKE_00050,Kolkata,Wire_Rods,3610.9081666637408,1.2387193432182857,DISPATCHED
2023-01-09,DISP_000030,RAKE_00406,Patna,Billets,2079.009404058726,0.0,IN_TRANSIT
2023-01-10,DISP_000031,RAKE_00403,Haldia,TMT_Bars,2126.993977624176,0.0,DISPATCHED
2023-01-10,DISP_000032,RAKE_00240,Durgapur,Wire_Rods,3273.853063456192,1.535422815645142,IN_TRANSIT
2023-01-10,DISP_000033,RAKE_00038,Haldia,Pig_Iron,2467.5831982260815,0.0,IN_TRANSIT
2023-01-10,DISP_000034,RAKE_00281,Durgapur,HR_Coils,2638.8288952854496,0.0,DELIVERED
2023-01-11,DISP_000035,RAKE_00295,Haldia,Billets,3044.5729747251307,0.0,IN_TRANSIT
2023-01-11,DISP_000036,RAKE_00308,Ranchi,Pig_Iron,3569.411107889937,1.2976372771482412,DISPATCHED
2023-01-11,DISP_000037,RAKE_00468,Ranchi,Billets,3480.080641273771,2.750457788997123,DELIVERED
2023-01-12,DISP_000038,RAKE_00305,Kolkata,HR_Coils,3216.1446917081016,0.0,DELIVERED
2023-01-12,DISP_000039,RAKE_00345,Patna,TMT_Bars,2622.498142385812,0.0,DISPATCHED
2023-01-12,DISP_000040,RAKE_00063,Ranchi,CR_Coils,3279.2292324563914,0.0,DELIVERED
2023-01-12,DISP_000041,RAKE_00139,Patna,Billets,2198.0116857247563,0.0,IN_TRANSIT
2023-01-13,DISP_000042,RAKE_00093,Kolkata,Plates,3632.620955883812,0.0,DELIVERED
2023-01-13,DISP_000043,RAKE_00118,Haldia,Plates,3333.7123848034717,5.56436706475957,IN_TRANSIT
2023-01-13,DISP_000044,RAKE_00179,Patna,Plates,2845.978599039849,0.0,IN_TRANSIT
2023-01-13,DISP_000045,RAKE_00097,Ranchi,CR_Coils,2002.3045693551599,0.0,DISPATCHED
2023-01-14,DISP_000046,RAKE_00167,Durgapur,HR_Coils,2805.23472442357,0.0,IN_TRANSIT
2023-01-14,DISP_000047,RAKE_00431,Durgapur,Plates,3616.0110781289222,0.0,IN_TRANSIT
2023-01-15,DISP_000048,RAKE_00141,Ranchi,Wire_Rods,2338.4694892703233,0.0,DELIVERED
2023-01-15,DISP_000049,RAKE_00457,Patna,TMT_Bars,2359.1626061466163,0.0,DISPATCHED
2023-01-16,DISP_000050,RAKE_00407,Durgapur,Pig_Iron,3269.4434279675797,0.0,DISPATCHED
2023-01-16,DISP_000051,RAKE_00259,Kolkata,HR_Coils,3469.7757141177053,0.0,IN_TRANSIT
2023-01-16,DISP_000052,RAKE_00055,Ranchi,Plates,2057.976367604131,0.0,IN_TRANSIT
2023-01-17,DISP_000053,RAKE_00446,Haldia,HR_Coils,2549.4146907396666,0.0,IN_TRANSIT
2023-01-17,DISP_000054,RAKE_00213,Patna,Plates,2123.9171166835035,0.0,IN_TRANSIT
2023-01-17,DISP_000055,RAKE_00205,Haldia,Plates,3011.1232956216973,0.0,DISPATCHED
2023-01-18,DISP_000056,RAKE_00414,Patna,TMT_Bars,3435.0556261752417,0.0,DISPATCHED
2023-01-18,DISP_000057,RAKE_00232,Kolkata,CR_Coils,2817.681969112443,0.0,IN_TRANSIT
2023-01-18,DISP_000058,RAKE_00484,Kolkata,Wire_Rods,2255.5379071889747,2.855464717995382,DELIVERED
2023-01-18,DISP_000059,RAKE_00381,Kolkata,Wire_Rods,3129.912689600251,0.0,IN_TRANSIT
2023-01-19,DISP_000060,RAKE_00110,Patna,Wire_Rods,2702.9066033294416,0.0,IN_TRANSIT
2023-01-19,DISP_000061,RAKE_00188,Kolkata,HR_Coils,2156.0500711556183,0.0,IN_TRANSIT
2023-01-20,DISP_000062,RAKE_00493,Ranchi,Billets,3555.6231790401444,0.0,DISPATCHED
2023-01-20,DISP_000063,RAKE_00461,Haldia,CR_Coils,3083.9348272284406,4.027024817432389,DISPATCHED
2023-01-20,DISP_000064,RAKE_00402,Haldia,Pig_Iron,3544.302032220633,3.2520321277488895,DELIVERED
2023-01-20,DISP_000065,RAKE_00242,Durgapur,Billets,2919.862978698233,2.600530983031999,IN_TRANSIT
2023-01-21,DISP_000066,RAKE_00056,Durgapur,HR_Coils,2431.4861690757107,0.0,DELIVERED
2023-01-21,DISP_000067,RAKE_00287,Patna,Wire_Rods,2610.2184437819496,0.0,IN_TRANSIT
2023-01-21,DISP_000068,RAKE_00154,Patna,HR_Coils,2202.2875424653107,0.0,DELIVERED
2023-01-21,DISP_000069,RAKE_00096,Durgapur,Plates,2702.0434285101082,1.4406851661927962,DISPATCHED
2023-01-22,DISP_000070,RAKE_00121,Ranchi,Wire_Rods,2711.9100673019743,0.0,DELIVERED
2023-01-22,DISP_000071,RAKE_00084,Durgapur,CR_Coils,3485.9226561649566,0.0,DELIVERED
2023-01-23,DISP_000072,RAKE_00268,Ranchi,Plates,2331.6028074054207,0.0,IN_TRANSIT
2023-01-23,DISP_000073,RAKE_00495,Patna,Pig_Iron,3493.1688848611775,0.0,IN_TRANSIT
2023-01-23,DISP_000074,RAKE_00368,Patna,CR_Coils,3597.0977866809335,0.0,DISPATCHED
2023-01-24,DISP_000075,RAKE_00026,Haldia,Billets,2712.1439798400556,4.788482425877553,DISPATCHED
2023-01-24,DISP_000076,RAKE_00018,Kolkata,CR_Coils,2625.9079948613917,0.0,DELIVERED
2023-01-25,DISP_000077,RAKE_00114,Patna,Pig_Iron,3644.856381704587,0.0,DELIVERED
2023-01-25,DISP_000078,RAKE_00099,Patna,TMT_Bars,3400.6198521712267,0.0,IN_TRANSIT
2023-01-26,DISP_000079,RAKE_00102,Kolkata,Pig_Iron,2043.5372699161214,0.0,DISPATCHED
2023-01-26,DISP_000080,RAKE_00447,Kolkata,Billets,3233.954363666384,0.0,IN_TRANSIT
2023-01-27,DISP_000081,RAKE_00234,Haldia,TMT_Bars,3186.314669348396,0.0,DELIVERED
2023-01-27,DISP_000082,RAKE_00141,Haldia,Billets,2275.8192588635634,4.308680996485694,IN_TRANSIT
2023-01-28,DISP_000083,RAKE_00093,Haldia,CR_Coils,3554.1879210360285,0.0,IN_TRANSIT
2023-01-28,DISP_000084,RAKE_00395,Patna,HR_Coils,2806.6757995444304,1.5074384105596317,DELIVERED
2023-01-28,DISP_000085,RAKE_00256,Haldia,TMT_Bars,3564.6640142428505,0.0,DELIVERED
2023-01-28,DISP_000086,RAKE_00415,Haldia,Billets,2634.927834788359,5.906125081013645,IN_TRANSIT
2023-01-29,DISP_000087,RAKE_00147,Kolkata,Plates,2921.9305055685313,0.0,DELIVERED
2023-01-29,DISP_000088,RAKE_00294,Haldia,HR_Coils,3304.8231906107653,0.0,DELIVERED
2023-01-30,DISP_000089,RAKE_00006,Ranchi,Billets,3577.324485547063,0.0,DELIVERED
2023-01-30,DISP_000090,RAKE_00257,Haldia,TMT_Bars,2696.543355157901,7.357141078302219,IN_TRANSIT
2023-01-30,DISP_000091,RAKE_00455,Patna,TMT_Bars,2679.3316414069395,0.0,IN_TRANSIT
2023-01-30,DISP_000092,RAKE_00312,Durgapur,HR_Coils,3215.29477049654,0.0,DISPATCHED
2023-01-31,DISP_000093,RAKE_00390,Patna,HR_Coils,2066.978801402741,0.0,DISPATCHED
2023-01-31,DISP_000094,RAKE_00191,Patna,Plates,2977.720122185705,0.0,DISPATCHED
2023-01-31,DISP_000095,RAKE_00483,Kolkata,Wire_Rods,2341.2898202730357,0.0,IN_TRANSIT
2023-02-01,DISP_000096,RAKE_00415,Kolkata,Plates,2655.2246214205843,2.4342980870032607,DELIVERED
2023-02-01,DISP_000097,RAKE_00209,Patna,Plates,3584.972274188188,0.0,DELIVERED
2023-02-01,DISP_000098,RAKE_00287,Durgapur,TMT_Bars,3115.2588311370673,0.0,DELIVERED
2023-02-01,DISP_000099,RAKE_00139,Patna,TMT_Bars,2128.812640136333,0.0,DELIVERED
2023-02-02,DISP_000100,RAKE_00386,Durgapur,TMT_Bars,2913.009182624348,0.0,IN_TRANSIT
2023-02-02,DISP_000101,RAKE_00248,Kolkata,Billets,3580.9900526900856,0.0,DELIVERED
2023-02-02,DISP_000102,RAKE_00244,Ranchi,Billets,2810.205942551846,0.0,DISPATCHED
2023-02-02,DISP_000103,RAKE_00357,Haldia,Pig_Iron,2961.466875325849,4.0943048703001885,IN_TRANSIT
2023-02-03,DISP_000104,RAKE_00253,Kolkata,Pig_Iron,3353.716762258321,0.0,IN_TRANSIT
2023-02-03,DISP_000105,RAKE_00348,Patna,TMT_Bars,2927.602288737945,0.0,DISPATCHED
2023-02-04,DISP_000106,RAKE_00237,Kolkata,Billets,3461.2925717191056,0.0,IN_TRANSIT
2023-02-04,DISP_000107,RAKE_00254,Kolkata,CR_Coils,2191.6998143783803,0.0,DELIVERED
2023-02-05,DISP_000108,RAKE_00245,Durgapur,Wire_Rods,2928.595604665974,0.0,IN_TRANSIT
2023-02-05,DISP_000109,RAKE_00236,Kolkata,Wire_Rods,2515.94617667463,1.2701697384855934,IN_TRANSIT
2023-02-05,DISP_000110,RAKE_00237,Haldia,TMT_Bars,2750.490718701018,4.264790923795094,DELIVERED
2023-02-06,DISP_000111,RAKE_00345,Kolkata,CR_Coils,2919.4462494721092,2.3135725158104816,DELIVERED
2023-02-06,DISP_000112,RAKE_00208,Ranchi,Billets,2018.5439242279851,0.0,DELIVERED
2023-02-06,DISP_000113,RAKE_00233,Ranchi,Plates,2972.1660629765856,0.0,DISPATCHED
2023-02-07,DISP_000114,RAKE_00238,Kolkata,Plates,2927.5980143748193,1.5117536433851944,DISPATCHED
2023-02-07,DISP_000115,RAKE_00223,Kolkata,TMT_Bars,3504.2857167966386,0.0,IN_TRANSIT
2023-02-07,DISP_000116,RAKE_00276,Patna,TMT_Bars,2238.5221763650834,0.0,IN_TRANSIT
2023-02-08,DISP_000117,RAKE_00228,Haldia,HR_Coils,2551.5585770782664,5.036781828803161,DISPATCHED
2023-02-08,DISP_000118,RAKE_00251,Patna,Billets,3181.136475602976,0.0,DISPATCHED
2023-02-08,DISP_000119,RAKE_00266,Patna,HR_Coils,3255.8278234091504,0.0,IN_TRANSIT
2023-02-08,DISP_000120,RAKE_00196,Kolkata,Plates,2570.0069792366576,0.0,IN_TRANSIT
2023-02-09,DISP_000121,RAKE_00339,Ranchi,HR_Coils,2516.005105301824,0.0,IN_TRANSIT
2023-02-09,DISP_000122,RAKE_00418,Haldia,Pig_Iron,3412.8813972705007,5.456252416005022,DELIVERED
2023-02-09,DISP_000123,RAKE_00383,Durgapur,TMT_Bars,2980.1911240517807,0.0,IN_TRANSIT
2023-02-09,DISP_000124,RAKE_00138,Patna,Billets,3114.3324542363416,0.0,DISPATCHED
2023-02-10,DISP_000125,RAKE_00404,Haldia,HR_Coils,2558.926646417887,0.0,DELIVERED
2023-02-10,DISP_000126,RAKE_00428,Patna,Plates,3283.7784830746414,0.0,IN_TRANSIT
2023-02-11,DISP_000127,RAKE_00296,Patna,Plates,3075.833333851655,0.0,DELIVERED
2023-02-11,DISP_000128,RAKE_00204,Kolkata,Pig_Iron,2786.2091023540397,0.0,DELIVERED
2023-02-12,DISP_000129,RAKE_00049,Patna,CR_Coils,2486.690384627708,0.0,DISPATCHED
2023-02-12,DISP_000130,RAKE_00298,Kolkata,Wire_Rods,3226.135430896247,2.305468835896887,IN_TRANSIT
2023-02-12,DISP_000131,RAKE_00398,Patna,TMT_Bars,2492.8911776157242,0.0,IN_TRANSIT
2023-02-12,DISP_000132,RAKE_00141,Durgapur,TMT_Bars,2062.4078001908615,0.0,DISPATCHED
2023-02-13,DISP_000133,RAKE_00301,Haldia,Plates,2902.6859782323168,0.0,DELIVERED
2023-02-13,DISP_000134,RAKE_00077,Patna,TMT_Bars,2294.9888469662883,0.0,DELIVERED
2023-02-14,DISP_000135,RAKE_00450,Kolkata,Pig_Iron,2327.967909834542,0.0,DISPATCHED
2023-02-14,DISP_000136,RAKE_00277,Patna,TMT_Bars,2637.5063689693316,0.0,DISPATCHED
2023-02-14,DISP_000137,RAKE_00054,Ranchi,Wire_Rods,3147.31719270045,0.0,IN_TRANSIT
2023-02-14,DISP_000138,RAKE_00461,Haldia,Wire_Rods,3376.407253466325,0.0,IN_TRANSIT
2023-02-15,DISP_000139,RAKE_00142,Kolkata,Pig_Iron,3395.0568987237143,0.0,DISPATCHED
2023-02-15,DISP_000140,RAKE_00189,Durgapur,Plates,3121.6423478985444,0.0,DISPATCHED
2023-02-15,DISP_000141,RAKE_00017,Ranchi,Plates,3148.3961376623984,0.0,IN_TRANSIT
2023-02-16,DISP_000142,RAKE_00159,Kolkata,HR_Coils,2840.4136319373533,0.0,DELIVERED
2023-02-16,DISP_000143,RAKE_00010,Haldia,Pig_Iron,2794.518571848173,7.913203748514093,DISPATCHED
2023-02-16,DISP_000144,RAKE_00037,Haldia,TMT_Bars,2710.8194677341057,0.0,IN_TRANSIT
2023-02-16,DISP_000145,RAKE_00451,Kolkata,Pig_Iron,2330.9718756877432,0.0,DELIVERED
2023-02-17,DISP_000146,RAKE_00238,Patna,Wire_Rods,2168.921432136279,0.0,DISPATCHED
2023-02-17,DISP_000147,RAKE_00417,Patna,Pig_Iron,2377.4178957620625,0.0,DELIVERED
2023-02-17,DISP_000148,RAKE_00337,Haldia,TMT_Bars,2896.543216104802,0.0,IN_TRANSIT
2023-02-17,DISP_000149,RAKE_00072,Durgapur,Wire_Rods,3492.419742734828,0.0,DISPATCHED
2023-02-18,DISP_000150,RAKE_00328,Ranchi,Wire_Rods,3028.263410410207,0.0,DISPATCHED
2023-02-18,DISP_000151,RAKE_00498,Patna,CR_Coils,3246.2753047444735,2.252496665459872,IN_TRANSIT
2023-02-19,DISP_000152,RAKE_00449,Kolkata,Pig_Iron,2394.599026624843,0.0,DISPATCHED
2023-02-19,DISP_000153,RAKE_00162,Kolkata,CR_Coils,2064.194107146594,2.1532499752918994,IN_TRANSIT
2023-02-19,DISP_000154,RAKE_00039,Haldia,HR_Coils,2021.3284204669494,5.738623985409445,IN_TRANSIT
2023-02-19,DISP_000155,RAKE_00249,Ranchi,Plates,2107.3493527909304,0.0,DELIVERED
2023-02-20,DISP_000156,RAKE_00151,Haldia,HR_Coils,3392.9225857143547,5.165989869449588,DISPATCHED
2023-02-20,DISP_000157,RAKE_00062,Haldia,Billets,2976.0108423694046,0.0,IN_TRANSIT
2023-02-21,DISP_000158,RAKE_00322,Patna,TMT_Bars,3083.022296093077,2.049756947239459,DISPATCHED
2023-02-21,DISP_000159,RAKE_00397,Ranchi,TMT_Bars,3372.100564045558,2.9729535831188847,IN_TRANSIT
2023-02-22,DISP_000160,RAKE_00226,Kolkata,TMT_Bars,3359.167683671873,0.0,IN_TRANSIT
2023-02-22,DISP_000161,RAKE_00042,Ranchi,Plates,3252.3888013979968,2.1387031093689237,DELIVERED
2023-02-22,DISP_000162,RAKE_00201,Kolkata,Billets,2695.2525143888433,0.0,DISPATCHED
2023-02-22,DISP_000163,RAKE_00209,Patna,Wire_Rods,2568.562142902977,0.0,DELIVERED
2023-02-23,DISP_000164,RAKE_00291,Ranchi,Wire_Rods,2612.454577351401,0.0,IN_TRANSIT
2023-02-23,DISP_000165,RAKE_00327,Durgapur,Wire_Rods,3361.038451967438,0.0,IN_TRANSIT
2023-02-23,DISP_000166,RAKE_00370,Haldia,HR_Coils,3442.0437414026887,0.0,IN_TRANSIT
2023-02-23,DISP_000167,RAKE_00245,Ranchi,Billets,2737.865617760088,0.0,IN_TRANSIT
2023-02-24,DISP_000168,RAKE_00197,Patna,TMT_Bars,3239.946274265223,0.0,DELIVERED
2023-02-24,DISP_000169,RAKE_00046,Patna,CR_Coils,2070.4673844768313,0.0,DISPATCHED
2023-02-24,DISP_000170,RAKE_00121,Kolkata,Plates,2198.2280247303543,0.0,IN_TRANSIT
2023-02-25,DISP_000171,RAKE_00457,Kolkata,Billets,3068.305789273163,0.0,DELIVERED
2023-02-25,DISP_000172,RAKE_00110,Kolkata,TMT_Bars,2486.2933506653667,0.0,DISPATCHED
2023-02-26,DISP_000173,RAKE_00029,Patna,HR_Coils,3054.6562766327197,0.0,DISPATCHED
2023-02-26,DISP_000174,RAKE_00053,Durgapur,Pig_Iron,3154.859187383443,0.0,DISPATCHED
2023-02-26,DISP_000175,RAKE_00058,Patna,Wire_Rods,3040.1276388111996,0.0,DELIVERED
2023-02-27,DISP_000176,RAKE_00311,Kolkata,Billets,3110.2219874566745,0.0,IN_TRANSIT
2023-02-27,DISP_000177,RAKE_00077,Durgapur,Wire_Rods,2028.957870022307,0.0,DISPATCHED
2023-02-28,DISP_000178,RAKE_00471,Haldia,Wire_Rods,2979.01306159624,0.0,IN_TRANSIT
2023-02-28,DISP_000179,RAKE_00496,Patna,CR_Coils,2731.977164398098,0.0,DELIVERED
2023-02-28,DISP_000180,RAKE_00140,Patna,TMT_Bars,3639.9537680913973,0.0,IN_TRANSIT
2023-02-28,DISP_000181,RAKE_00451,Durgapur,Billets,3510.050671956694,0.0,DISPATCHED
2023-03-01,DISP_000182,RAKE_00166,Kolkata,Billets,2629.9279001323025,0.0,IN_TRANSIT
2023-03-01,DISP_000183,RAKE_00238,Ranchi,Pig_Iron,2303.2450026258593,0.0,DISPATCHED
2023-03-01,DISP_000184,RAKE_00462,Durgapur,Wire_Rods,2292.489178842234,0.0,DISPATCHED
2023-03-01,DISP_000185,RAKE_00215,Durgapur,CR_Coils,2387.478385927869,2.811443713183916,DISPATCHED
2023-03-02,DISP_000186,RAKE_00395,Patna,TMT_Bars,2479.269152251782,0.0,DISPATCHED
2023-03-02,DISP_000187,RAKE_00150,Ranchi,Wire_Rods,3386.885674713123,0.0,DELIVERED
2023-03-02,DISP_000188,RAKE_00457,Durgapur,CR_Coils,2188.1564247232645,0.0,DISPATCHED
2023-03-03,DISP_000189,RAKE_00104,Kolkata,Plates,3462.6438613321106,0.0,DELIVERED
2023-03-03,DISP_000190,RAKE_00090,Ranchi,Billets,2161.688128613136,2.3330000233310986,IN_TRANSIT
2023-03-04,DISP_000191,RAKE_00057,Durgapur,Billets,2995.9135672006046,0.0,IN_TRANSIT
2023-03-04,DISP_000192,RAKE_00489,Haldia,Pig_Iron,2755.3509083587824,3.070359616700673,DISPATCHED
2023-03-04,DISP_000193,RAKE_00075,Durgapur,Wire_Rods,2198.5018054051584,1.7236867698398561,DISPATCHED
2023-03-04,DISP_000194,RAKE_00127,Haldia,Plates,3421.780658414795,0.0,IN_TRANSIT
2023-03-05,DISP_000195,RAKE_00075,Kolkata,HR_Coils,3233.2947666757773,0.0,IN_TRANSIT
2023-03-05,DISP_000196,RAKE_00445,Durgapur,Pig_Iron,2593.510652675587,0.0,DISPATCHED
2023-03-05,DISP_000197,RAKE_00264,Kolkata,HR_Coils,3028.5763079585486,0.0,IN_TRANSIT
2023-03-06,DISP_000198,RAKE_00405,Ranchi,TMT_Bars,2090.8174971531366,0.0,DELIVERED
2023-03-06,DISP_000199,RAKE_00498,Durgapur,TMT_Bars,2915.8750312120023,0.0,DISPATCHED
2023-03-06,DISP_000200,RAKE_00122,Haldia,Plates,2085.296043901969,5.378104218014362,DELIVERED
2023-03-06,DISP_000201,RAKE_00253,Haldia,TMT_Bars,2355.4432336743685,5.5135383825185595,DELIVERED
2023-03-07,DISP_000202,RAKE_00145,Patna,Billets,2165.6438751838928,0.0,DISPATCHED
2023-03-07,DISP_000203,RAKE_00130,Durgapur,Billets,2990.33943546513,0.0,DELIVERED
2023-03-07,DISP_000204,RAKE_00204,Patna,Billets,2810.9980480766408,0.0,IN_TRANSIT
2023-03-07,DISP_000205,RAKE_00186,Kolkata,Billets,2373.96525702871,0.0,IN_TRANSIT
2023-03-08,DISP_000206,RAKE_00219,Ranchi,Pig_Iron,3331.028210406784,0.0,DISPATCHED
2023-03-08,DISP_000207,RAKE_00067,Durgapur,Billets,2735.7687742533244,0.0,DELIVERED
2023-03-09,DISP_000208,RAKE_00111,Durgapur,Wire_Rods,2661.3284462799656,0.0,IN_TRANSIT
2023-03-09,DISP_000209,RAKE_00358,Durgapur,Billets,2426.1088782761617,0.0,IN_TRANSIT
2023-03-10,DISP_000210,RAKE_00177,Durgapur,Wire_Rods,2671.200298629852,0.0,IN_TRANSIT
2023-03-10,DISP_000211,RAKE_00198,Ranchi,TMT_Bars,2701.386394996507,0.0,DISPATCHED
2023-03-10,DISP_000212,RAKE_00197,Ranchi,Billets,3004.812367756007,0.0,DELIVERED
2023-03-10,DISP_000213,RAKE_00249,Durgapur,HR_Coils,2621.1080380386093,1.9277154432375512,IN_TRANSIT
2023-03-11,DISP_000214,RAKE_00312,Durgapur,Pig_Iron,3319.4208380172204,0.0,DELIVERED
2023-03-11,DISP_000215,RAKE_00449,Patna,Billets,2606.153345622628,2.4981498378292657,DELIVERED
2023-03-12,DISP_000216,RAKE_00142,Durgapur,TMT_Bars,2302.575545589258,1.704199520424199,DELIVERED
2023-03-12,DISP_000217,RAKE_00132,Kolkata,Wire_Rods,2814.3026029393136,0.0,DELIVERED
2023-03-13,DISP_000218,RAKE_00479,Patna,CR_Coils,2246.2672512280305,0.0,IN_TRANSIT
2023-03-13,DISP_000219,RAKE_00166,Patna,Plates,3621.4332765174904,0.0,IN_TRANSIT
2023-03-13,DISP_000220,RAKE_00149,Kolkata,Pig_Iron,2157.7448904704147,0.0,DELIVERED
2023-03-14,DISP_000221,RAKE_00118,Haldia,Wire_Rods,3062.0300651280545,4.381673238080278,IN_TRANSIT
2023-03-14,DISP_000222,RAKE_00326,Haldia,Wire_Rods,2217.956857965815,3.929015905449778,DISPATCHED
2023-03-15,DISP_000223,RAKE_00120,Patna,HR_Coils,3213.7461744710345,0.0,DISPATCHED
2023-03-15,DISP_000224,RAKE_00059,Durgapur,HR_Coils,2180.660541158992,0.0,DISPATCHED
2023-03-15,DISP_000225,RAKE_00013,Haldia,Pig_Iron,2373.2863120313255,5.968304777744781,DISPATCHED
2023-03-16,DISP_000226,RAKE_00089,Ranchi,CR_Coils,3405.94155592722,0.0,IN_TRANSIT
2023-03-16,DISP_000227,RAKE_00054,Patna,Plates,3285.609743859739,0.0,DISPATCHED
2023-03-17,DISP_000228,RAKE_00300,Durgapur,Wire_Rods,3140.3819015279432,0.0,DELIVERED
2023-03-17,DISP_000229,RAKE_00326,Kolkata,Plates,3239.4631128225774,0.0,DISPATCHED
2023-03-17,DISP_000230,RAKE_00026,Ranchi,Billets,3392.1426239632838,0.0,IN_TRANSIT
2023-03-18,DISP_000231,RAKE_00211,Patna,Billets,2392.723731490518,0.0,DELIVERED
2023-03-18,DISP_000232,RAKE_00488,Haldia,TMT_Bars,2230.914299660013,7.341070456770443,IN_TRANSIT
2023-03-19,DISP_000233,RAKE_00475,Durgapur,Pig_Iron,2926.3817008574915,1.007270227137747,DELIVERED
2023-03-19,DISP_000234,RAKE_00372,Patna,CR_Coils,2394.5892819074943,0.0,DISPATCHED
2023-03-19,DISP_000235,RAKE_00488,Haldia,Plates,3533.0266249441083,0.0,DISPATCHED
2023-03-20,DISP_000236,RAKE_00132,Kolkata,Wire_Rods,2689.1913972397947,1.465893693501349,DISPATCHED
2023-03-20,DISP_000237,RAKE_00437,Haldia,Billets,2755.369724873935,0.0,DISPATCHED
2023-03-20,DISP_000238,RAKE_00134,Ranchi,TMT_Bars,3466.5715541841278,0.0,DELIVERED
2023-03-20,DISP_000239,RAKE_00473,Patna,Pig_Iron,2823.397147728726,0.0,DELIVERED
2023-03-21,DISP_000240,RAKE_00497,Durgapur,HR_Coils,3435.8449738485124,0.0,DELIVERED
2023-03-21,DISP_000241,RAKE_00139,Haldia,Pig_Iron,3400.7620856714157,0.0,DELIVERED
2023-03-21,DISP_000242,RAKE_00083,Ranchi,CR_Coils,2318.2621886881166,0.0,DELIVERED
2023-03-22,DISP_000243,RAKE_00266,Patna,Wire_Rods,2948.977924998434,1.703336106762269,DISPATCHED
2023-03-22,DISP_000244,RAKE_00298,Kolkata,CR_Coils,3297.940890465519,1.04506733567724,IN_TRANSIT
2023-03-23,DISP_000245,RAKE_00159,Patna,Plates,3281.6178874993357,0.0,DISPATCHED
2023-03-23,DISP_000246,RAKE_00366,Kolkata,Plates,2849.591103382878,0.0,DISPATCHED
2023-03-24,DISP_000247,RAKE_00270,Kolkata,Wire_Rods,2437.6098397891283,0.0,IN_TRANSIT
2023-03-24,DISP_000248,RAKE_00156,Patna,Wire_Rods,2014.2041777293855,1.9390261029565483,DELIVERED
2023-03-24,DISP_000249,RAKE_00258,Ranchi,HR_Coils,2832.46824473735,2.9660614679085056,IN_TRANSIT
2023-03-25,DISP_000250,RAKE_00283,Ranchi,Plates,2204.3036633476236,0.0,DELIVERED
2023-03-25,DISP_000251,RAKE_00049,Ranchi,Billets,2017.9204547021934,0.0,DELIVERED
2023-03-26,DISP_000252,RAKE_00031,Durgapur,Pig_Iron,2045.8404794503942,0.0,DELIVERED
2023-03-26,DISP_000253,RAKE_00186,Haldia,Billets,2952.0203851409456,0.0,IN_TRANSIT
2023-03-26,DISP_000254,RAKE_00217,Patna,Wire_Rods,3244.660581535025,0.0,DELIVERED
2023-03-26,DISP_000255,RAKE_00316,Haldia,Wire_Rods,2067.913183544349,7.555355539526139,IN_TRANSIT
2023-03-27,DISP_000256,RAKE_00035,Kolkata,Pig_Iron,3311.3443129680377,2.666556954586782,DISPATCHED
2023-03-27,DISP_000257,RAKE_00111,Ranchi,CR_Coils,3110.4623460674366,0.0,DISPATCHED
2023-03-27,DISP_000258,RAKE_00479,Ranchi,HR_Coils,2607.1153546313153,0.0,DISPATCHED
2023-03-27,DISP_000259,RAKE_00427,Kolkata,Plates,2805.1782574637673,0.0,IN_TRANSIT
2023-03-28,DISP_000260,RAKE_00193,Haldia,HR_Coils,3090.199008599855,6.390547744566323,IN_TRANSIT
2023-03-28,DISP_000261,RAKE_00129,Ranchi,Wire_Rods,3106.5489838379785,0.0,DISPATCHED
2023-03-28,DISP_000262,RAKE_00106,Durgapur,CR_Coils,2102.941459471094,2.7622023707395655,DISPATCHED
2023-03-29,DISP_000263,RAKE_00488,Kolkata,Plates,3525.314820680313,0.0,DISPATCHED
2023-03-29,DISP_000264,RAKE_00024,Ranchi,Plates,3582.2052341555327,0.0,IN_TRANSIT
2023-03-30,DISP_000265,RAKE_00103,Durgapur,CR_Coils,2085.11819378975,0.0,DELIVERED
2023-03-30,DISP_000266,RAKE_00352,Kolkata,Plates,3367.9245080300134,0.0,IN_TRANSIT
2023-03-31,DISP_000267,RAKE_00390,Durgapur,TMT_Bars,2334.810640199489,0.0,IN_TRANSIT
2023-03-31,DISP_000268,RAKE_00313,Patna,Plates,2096.3817915914833,0.0,IN_TRANSIT
2023-03-31,DISP_000269,RAKE_00379,Ranchi,TMT_Bars,3434.0287675947147,0.0,DISPATCHED
2023-03-31,DISP_000270,RAKE_00096,Patna,Plates,3023.6277080969903,0.0,DISPATCHED
2023-04-01,DISP_000271,RAKE_00149,Haldia,HR_Coils,3587.2349725770255,0.0,IN_TRANSIT
2023-04-01,DISP_000272,RAKE_00451,Patna,Plates,2665.885839687558,0.0,DELIVERED
2023-04-01,DISP_000273,RAKE_00197,Durgapur,Pig_Iron,3001.802167343273,0.0,IN_TRANSIT
2023-04-02,DISP_000274,RAKE_00002,Haldia,Pig_Iron,2234.1340710365735,0.0,DISPATCHED
2023-04-02,DISP_000275,RAKE_00380,Haldia,CR_Coils,3505.0018846316607,0.0,DISPATCHED
2023-04-02,DISP_000276,RAKE_00406,Haldia,Plates,3374.6540348217104,0.0,DISPATCHED
2023-04-02,DISP_000277,RAKE_00033,Kolkata,Wire_Rods,2951.371024862735,0.0,DELIVERED
2023-04-03,DISP_000278,RAKE_00321,Haldia,TMT_Bars,3217.42470883883,0.0,DISPATCHED
2023-04-03,DISP_000279,RAKE_00027,Haldia,Plates,2091.0034903927194,5.658826905864327,DISPATCHED
2023-04-04,DISP_000280,RAKE_00476,Haldia,Plates,3342.126137981576,3.5747999119734093,IN_TRANSIT
2023-04-04,DISP_000281,RAKE_00192,Ranchi,Billets,3240.330115777566,2.6449147576591407,IN_TRANSIT
2023-04-05,DISP_000282,RAKE_00404,Kolkata,TMT_Bars,3267.5375191102867,0.0,IN_TRANSIT
2023-04-05,DISP_000283,RAKE_00056,Haldia,Plates,2150.7315283793287,0.0,IN_TRANSIT
2023-04-05,DISP_000284,RAKE_00397,Patna,Plates,3180.549849759031,0.0,DELIVERED
2023-04-05,DISP_000285,RAKE_00465,Ranchi,CR_Coils,2502.8187083392427,0.0,DISPATCHED
2023-04-06,DISP_000286,RAKE_00059,Patna,Pig_Iron,2988.537990450417,0.0,DELIVERED
2023-04-06,DISP_000287,RAKE_00201,Kolkata,Wire_Rods,3641.644086444761,0.0,IN_TRANSIT
2023-04-06,DISP_000288,RAKE_00304,Patna,Pig_Iron,2244.9283976256183,0.0,DISPATCHED
2023-04-06,DISP_000289,RAKE_00170,Ranchi,Wire_Rods,2242.9945993823403,0.0,DISPATCHED
2023-04-07,DISP_000290,RAKE_00229,Ranchi,Wire_Rods,2374.6953453396873,2.7672162394553776,DISPATCHED
2023-04-07,DISP_000291,RAKE_00289,Durgapur,HR_Coils,2099.4256517573544,1.2855811190564095,DELIVERED
2023-04-08,DISP_000292,RAKE_00025,Ranchi,Pig_Iron,3090.4041347081466,1.7790436238860015,DISPATCHED
2023-04-08,DISP_000293,RAKE_00398,Kolkata,TMT_Bars,2831.5860270516478,0.0,DISPATCHED
2023-04-08,DISP_000294,RAKE_00016,Kolkata,HR_Coils,2832.1066163088876,2.4801222651228096,DISPATCHED
2023-04-08,DISP_000295,RAKE_00095,Patna,Billets,2451.857167773302,0.0,DISPATCHED
2023-04-09,DISP_000296,RAKE_00048,Ranchi,Pig_Iron,2172.6607786299455,0.0,IN_TRANSIT
2023-04-09,DISP_000297,RAKE_00405,Kolkata,Billets,3482.7874631971026,0.0,IN_TRANSIT
2023-04-09,DISP_000298,RAKE_00115,Durgapur,TMT_Bars,2248.401709451953,0.0,IN_TRANSIT
2023-04-10,DISP_000299,RAKE_00154,Ranchi,CR_Coils,3182.750543180658,0.0,DISPATCHED
2023-04-10,DISP_000300,RAKE_00072,Ranchi,Billets,2123.95657879579,2.917433767049933,IN_TRANSIT
2023-04-10,DISP_000301,RAKE_00205,Durgapur,TMT_Bars,2671.832664901922,2.375774088962194,IN_TRANSIT
2023-04-11,DISP_000302,RAKE_00399,Patna,Wire_Rods,2258.1250664475006,0.0,DISPATCHED
2023-04-11,DISP_000303,RAKE_00379,Durgapur,CR_Coils,3194.3428559544564,0.0,DISPATCHED
2023-04-12,DISP_000304,RAKE_00291,Kolkata,HR_Coils,2282.093624983155,0.0,IN_TRANSIT
2023-04-12,DISP_000305,RAKE_00339,Ranchi,Billets,2757.2931849247634,0.0,DELIVERED
2023-04-13,DISP_000306,RAKE_00339,Haldia,Plates,3573.4602883840403,0.0,DELIVERED
2023-04-13,DISP_000307,RAKE_00389,Kolkata,Pig_Iron,3253.98520972652,2.1681720496176697,DELIVERED
2023-04-14,DISP_000308,RAKE_00152,Durgapur,Wire_Rods,2638.3009795156886,0.0,DELIVERED
2023-04-14,DISP_000309,RAKE_00209,Kolkata,HR_Coils,2471.414730315615,0.0,DISPATCHED
2023-04-14,DISP_000310,RAKE_00004,Ranchi,Plates,3083.536216852716,0.0,DELIVERED
2023-04-15,DISP_000311,RAKE_00143,Durgapur,Plates,3098.10310837039,0.0,DISPATCHED
2023-04-15,DISP_000312,RAKE_00220,Patna,Wire_Rods,3141.7485766487653,0.0,DELIVERED
2023-04-15,DISP_000313,RAKE_00389,Kolkata,Billets,2682.9275871336895,2.159500170664714,IN_TRANSIT
2023-04-16,DISP_000314,RAKE_00442,Patna,Plates,3650.5581369773645,0.0,DELIVERED
2023-04-16,DISP_000315,RAKE_00437,Patna,Plates,2873.4633873583657,0.0,DELIVERED
2023-04-16,DISP_000316,RAKE_00439,Patna,CR_Coils,3208.8704490147984,0.0,DELIVERED
2023-04-16,DISP_000317,RAKE_00227,Durgapur,HR_Coils,2087.365802546058,0.0,DISPATCHED
2023-04-17,DISP_000318,RAKE_00042,Haldia,Pig_Iron,2693.200601683334,6.098591589477974,DELIVERED
2023-04-17,DISP_000319,RAKE_00495,Kolkata,HR_Coils,3267.691669302153,0.0,IN_TRANSIT
2023-04-17,DISP_000320,RAKE_00140,Ranchi,TMT_Bars,3211.7512723965083,0.0,IN_TRANSIT
2023-04-18,DISP_000321,RAKE_00130,Haldia,HR_Coils,2835.9148455403574,5.845702185431483,IN_TRANSIT
2023-04-18,DISP_000322,RAKE_00125,Kolkata,Billets,2413.412762333835,0.0,DELIVERED
2023-04-19,DISP_000323,RAKE_00180,Kolkata,Plates,2167.3129845666067,0.0,IN_TRANSIT
2023-04-19,DISP_000324,RAKE_00030,Kolkata,TMT_Bars,3239.9743201961182,0.0,DELIVERED
2023-04-19,DISP_000325,RAKE_00099,Kolkata,CR_Coils,3186.635244952328,0.0,DELIVERED
2023-04-19,DISP_000326,RAKE_00143,Ranchi,TMT_Bars,2375.3414526312818,0.0,DISPATCHED
2023-04-20,DISP_000327,RAKE_00401,Ranchi,Wire_Rods,3397.637522843679,0.0,DELIVERED
2023-04-20,DISP_000328,RAKE_00201,Kolkata,Billets,2407.9125521074634,0.0,IN_TRANSIT
2023-04-21,DISP_000329,RAKE_00488,Kolkata,Wire_Rods,2536.4555369555924,0.0,IN_TRANSIT
2023-04-21,DISP_000330,RAKE_00447,Kolkata,Plates,2781.2745705873544,1.4026041636473248,IN_TRANSIT
2023-04-21,DISP_000331,RAKE_00382,Durgapur,Billets,3348.130150986187,0.0,DISPATCHED
2023-04-22,DISP_000332,RAKE_00086,Durgapur,Plates,2693.799263739127,0.0,DISPATCHED
2023-04-22,DISP_000333,RAKE_00476,Patna,Wire_Rods,2799.868988703004,2.8906084838198782,IN_TRANSIT
2023-04-22,DISP_000334,RAKE_00240,Patna,Pig_Iron,3073.8983817609083,0.0,DISPATCHED
2023-04-22,DISP_000335,RAKE_00062,Ranchi,Billets,3042.681110392461,0.0,DELIVERED
2023-04-23,DISP_000336,RAKE_00280,Patna,HR_Coils,2237.526133483778,1.0589402236646401,DELIVERED
2023-04-23,DISP_000337,RAKE_00319,Patna,Pig_Iron,2799.5580985114693,0.0,DELIVERED
2023-04-23,DISP_000338,RAKE_00433,Kolkata,Billets,2074.899204731485,2.0862048566727927,DELIVERED
2023-04-23,DISP_000339,RAKE_00287,Haldia,CR_Coils,2448.566429350403,0.0,DELIVERED
2023-04-24,DISP_000340,RAKE_00301,Durgapur,TMT_Bars,3130.3162907188002,0.0,IN_TRANSIT
2023-04-24,DISP_000341,RAKE_00496,Patna,Wire_Rods,3222.32086006835,1.961736510726877,IN_TRANSIT
2023-04-24,DISP_000342,RAKE_00181,Kolkata,Pig_Iron,3019.673048999396,2.221056846551951,IN_TRANSIT
2023-04-24,DISP_000343,RAKE_00054,Durgapur,Wire_Rods,3341.295011121299,0.0,IN_TRANSIT
2023-04-25,DISP_000344,RAKE_00219,Ranchi,TMT_Bars,2992.855942996866,0.0,DELIVERED
2023-04-25,DISP_000345,RAKE_00102,Kolkata,Plates,3022.023222615001,0.0,DELIVERED
2023-04-25,DISP_000346,RAKE_00114,Kolkata,Pig_Iron,3231.411474210967,1.1335229645598006,DELIVERED
2023-04-25,DISP_000347,RAKE_00145,Patna,TMT_Bars,2096.0488864475255,2.218746587435085,IN_TRANSIT
2023-04-26,DISP_000348,RAKE_00167,Kolkata,Billets,2181.8850033622593,0.0,DELIVERED
2023-04-26,DISP_000349,RAKE_00236,Durgapur,HR_Coils,2509.7583906191244,0.0,IN_TRANSIT
2023-04-26,DISP_000350,RAKE_00148,Patna,TMT_Bars,3123.8457175325275,0.0,DELIVERED
2023-04-27,DISP_000351,RAKE_00070,Haldia,CR_Coils,2452.223529415557,3.6254797289722114,IN_TRANSIT
2023-04-27,DISP_000352,RAKE_00065,Patna,CR_Coils,3534.1410745645835,2.0624794922021854,DELIVERED
2023-04-27,DISP_000353,RAKE_00088,Kolkata,Billets,2421.6111686625372,0.0,DELIVERED
2023-04-27,DISP_000354,RAKE_00039,Kolkata,Wire_Rods,2695.8461708205887,0.0,IN_TRANSIT
2023-04-28,DISP_000355,RAKE_00420,Ranchi,Plates,2786.277535065608,0.0,DELIVERED
2023-04-28,DISP_000356,RAKE_00442,Ranchi,Wire_Rods,3275.0683124725624,0.0,DELIVERED
2023-04-28,DISP_000357,RAKE_00075,Patna,HR_Coils,3543.971994707843,0.0,IN_TRANSIT
2023-04-29,DISP_000358,RAKE_00075,Durgapur,Plates,2011.1807775347875,0.0,DELIVERED
2023-04-29,DISP_000359,RAKE_00204,Haldia,TMT_Bars,2460.978124954215,0.0,IN_TRANSIT
2023-04-30,DISP_000360,RAKE_00405,Durgapur,Plates,2852.3354438536885,0.0,DELIVERED
2023-04-30,DISP_000361,RAKE_00304,Ranchi,Plates,2236.0047773794063,0.0,DELIVERED
2023-04-30,DISP_000362,RAKE_00378,Patna,TMT_Bars,3200.8093336737575,0.0,DISPATCHED
2023-04-30,DISP_000363,RAKE_00127,Patna,Billets,2978.323132682952,0.0,IN_TRANSIT
2023-05-01,DISP_000364,RAKE_00251,Durgapur,HR_Coils,3313.837957486944,0.0,DISPATCHED
2023-05-01,DISP_000365,RAKE_00175,Durgapur,Pig_Iron,2399.2644049986125,0.0,IN_TRANSIT
2023-05-01,DISP_000366,RAKE_00495,Haldia,TMT_Bars,2241.661371864833,0.0,IN_TRANSIT
2023-05-02,DISP_000367,RAKE_00494,Haldia,Plates,3498.24404588333,0.0,DISPATCHED
2023-05-02,DISP_000368,RAKE_00399,Kolkata,CR_Coils,2093.2229317964875,0.0,DELIVERED
2023-05-02,DISP_000369,RAKE_00326,Durgapur,Pig_Iron,3602.851765017038,0.0,DISPATCHED
2023-05-02,DISP_000370,RAKE_00431,Kolkata,CR_Coils,2312.7423461509425,0.0,IN_TRANSIT
2023-05-03,DISP_000371,RAKE_00426,Haldia,Pig_Iron,2309.892711494192,7.7586123234007465,IN_TRANSIT
2023-05-03,DISP_000372,RAKE_00253,Kolkata,CR_Coils,2436.454030487703,0.0,DISPATCHED
2023-05-03,DISP_000373,RAKE_00467,Kolkata,Plates,3021.609630374586,0.0,DISPATCHED
2023-05-04,DISP_000374,RAKE_00108,Haldia,Plates,2537.8470782439417,4.237792664920111,IN_TRANSIT
2023-05-04,DISP_000375,RAKE_00086,Durgapur,TMT_Bars,2192.648622886456,2.1650900056309723,IN_TRANSIT
2023-05-04,DISP_000376,RAKE_00422,Ranchi,HR_Coils,2231.8647744524146,0.0,DISPATCHED
2023-05-04,DISP_000377,RAKE_00147,Kolkata,Pig_Iron,2239.9371327429635,0.0,IN_TRANSIT
2023-05-05,DISP_000378,RAKE_00047,Haldia,Pig_Iron,2577.9793686590956,7.46147892450583,IN_TRANSIT
2023-05-05,DISP_000379,RAKE_00128,Patna,Plates,3001.6034543420383,0.0,DISPATCHED
2023-05-05,DISP_000380,RAKE_00064,Kolkata,Plates,3217.731974211461,0.0,DELIVERED
2023-05-06,DISP_000381,RAKE_00445,Haldia,Pig_Iron,2679.60606196503,0.0,DELIVERED
2023-05-06,DISP_000382,RAKE_00416,Durgapur,Wire_Rods,3130.999170503864,0.0,DELIVERED
2023-05-06,DISP_000383,RAKE_00160,Haldia,Pig_Iron,2996.7201979785723,0.0,IN_TRANSIT
2023-05-07,DISP_000384,RAKE_00385,Ranchi,HR_Coils,2839.7196279876007,0.0,IN_TRANSIT
2023-05-07,DISP_000385,RAKE_00193,Kolkata,Plates,3472.1907408811385,0.0,DELIVERED
2023-05-07,DISP_000386,RAKE_00017,Ranchi,Pig_Iron,3171.3866336029378,0.0,DISPATCHED
2023-05-07,DISP_000387,RAKE_00148,Ranchi,Wire_Rods,3480.8268784094635,0.0,IN_TRANSIT
2023-05-08,DISP_000388,RAKE_00209,Kolkata,CR_Coils,3007.4508491898678,0.0,IN_TRANSIT
2023-05-08,DISP_000389,RAKE_00087,Ranchi,HR_Coils,2903.4561564534765,0.0,DELIVERED
2023-05-08,DISP_000390,RAKE_00218,Haldia,HR_Coils,2155.069904676595,0.0,IN_TRANSIT
2023-05-09,DISP_000391,RAKE_00199,Durgapur,Billets,2846.8547728453973,2.1926391096942526,DISPATCHED
2023-05-09,DISP_000392,RAKE_00434,Ranchi,CR_Coils,2214.9597890323635,0.0,DELIVERED
2023-05-09,DISP_000393,RAKE_00408,Ranchi,Plates,2015.0239904800108,1.9180744335383961,DISPATCHED
2023-05-10,DISP_000394,RAKE_00462,Haldia,Billets,3449.7935353058774,0.0,DISPATCHED
2023-05-10,DISP_000395,RAKE_00456,Ranchi,Wire_Rods,2931.406210898751,0.0,DISPATCHED
2023-05-10,DISP_000396,RAKE_00369,Patna,Wire_Rods,3033.1736206446244,0.0,IN_TRANSIT
2023-05-10,DISP_000397,RAKE_00071,Patna,TMT_Bars,2122.9753915174733,0.0,IN_TRANSIT
2023-05-11,DISP_000398,RAKE_00327,Patna,Pig_Iron,3350.1079221578007,0.0,IN_TRANSIT
2023-05-11,DISP_000399,RAKE_00398,Kolkata,CR_Coils,3528.652962913307,0.0,DELIVERED
2023-05-11,DISP_000400,RAKE_00352,Ranchi,CR_Coils,3518.367352024082,0.0,DISPATCHED
2023-05-11,DISP_000401,RAKE_00418,Ranchi,Wire_Rods,2374.875499682128,0.0,DELIVERED
2023-05-12,DISP_000402,RAKE_00022,Patna,Wire_Rods,2263.432282981228,1.5980538170023315,IN_TRANSIT
2023-05-12,DISP_000403,RAKE_00353,Patna,Pig_Iron,2602.7135566531783,0.0,IN_TRANSIT
2023-05-12,DISP_000404,RAKE_00325,Durgapur,TMT_Bars,3512.64189692162,0.0,IN_TRANSIT
2023-05-13,DISP_000405,RAKE_00145,Kolkata,Billets,2596.8539683107156,0.0,DELIVERED
2023-05-13,DISP_000406,RAKE_00344,Durgapur,TMT_Bars,3027.7817914112293,1.7995521431726236,DISPATCHED
2023-05-13,DISP_000407,RAKE_00123,Durgapur,Wire_Rods,2462.5671054902773,0.0,IN_TRANSIT
2023-05-14,DISP_000408,RAKE_00214,Ranchi,Billets,2386.7454355994223,0.0,IN_TRANSIT
2023-05-14,DISP_000409,RAKE_00444,Durgapur,HR_Coils,2810.6317939200894,1.3199863536592158,DISPATCHED
2023-05-14,DISP_000410,RAKE_00340,Patna,TMT_Bars,2611.5587183837033,0.0,DELIVERED
2023-05-15,DISP_000411,RAKE_00450,Patna,CR_Coils,2595.588636085223,0.0,DISPATCHED
2023-05-15,DISP_000412,RAKE_00186,Patna,TMT_Bars,2425.3686665572504,0.0,DISPATCHED
2023-05-15,DISP_000413,RAKE_00472,Ranchi,CR_Coils,2940.9607941687887,0.0,IN_TRANSIT
2023-05-15,DISP_000414,RAKE_00215,Patna,Plates,3584.035701606582,0.0,DELIVERED
2023-05-16,DISP_000415,RAKE_00245,Haldia,TMT_Bars,2203.4049923639104,0.0,DELIVERED
2023-05-16,DISP_000416,RAKE_00176,Durgapur,Plates,2978.8962020259405,0.0,IN_TRANSIT
2023-05-17,DISP_000417,RAKE_00008,Durgapur,Pig_Iron,3329.53144859601,0.0,DISPATCHED
2023-05-17,DISP_000418,RAKE_00087,Ranchi,Pig_Iron,2912.5402398106426,0.0,IN_TRANSIT
2023-05-18,DISP_000419,RAKE_00209,Patna,Plates,2771.106851025621,0.0,DELIVERED
2023-05-18,DISP_000420,RAKE_00067,Patna,CR_Coils,2140.992844727549,0.0,DELIVERED
2023-05-19,DISP_000421,RAKE_00058,Durgapur,Pig_Iron,2290.3001654870613,1.942441634134717,IN_TRANSIT
2023-05-19,DISP_000422,RAKE_00222,Durgapur,Billets,2948.9959422028605,0.0,IN_TRANSIT
2023-05-19,DISP_000423,RAKE_00126,Kolkata,Wire_Rods,2972.9482186568257,0.0,IN_TRANSIT
2023-05-19,DISP_000424,RAKE_00107,Ranchi,Plates,3170.85389158275,0.0,IN_TRANSIT
2023-05-20,DISP_000425,RAKE_00020,Kolkata,CR_Coils,2494.411981274395,0.0,DELIVERED
2023-05-20,DISP_000426,RAKE_00167,Haldia,Wire_Rods,2271.924149377713,0.0,DISPATCHED
2023-05-20,DISP_000427,RAKE_00095,Ranchi,Billets,3386.2285246096635,0.0,IN_TRANSIT
2023-05-20,DISP_000428,RAKE_00214,Kolkata,Wire_Rods,2977.1139724107497,0.0,IN_TRANSIT
2023-05-21,DISP_000429,RAKE_00398,Haldia,Plates,3577.436303645555,4.638788276456928,IN_TRANSIT
2023-05-21,DISP_000430,RAKE_00413,Haldia,CR_Coils,3532.332074663188,0.0,DISPATCHED
2023-05-21,DISP_000431,RAKE_00193,Kolkata,CR_Coils,3553.7262579384824,0.0,DISPATCHED
2023-05-22,DISP_000432,RAKE_00253,Patna,HR_Coils,2431.085520543183,0.0,IN_TRANSIT
2023-05-22,DISP_000433,RAKE_00379,Durgapur,TMT_Bars,2493.2978242616764,0.0,DISPATCHED
2023-05-22,DISP_000434,RAKE_00437,Ranchi,Billets,2378.3996654493726,2.6127723897615125,DELIVERED
2023-05-23,DISP_000435,RAKE_00262,Haldia,Pig_Iron,2617.5222020824285,6.6117566010059,DELIVERED
2023-05-23,DISP_000436,RAKE_00318,Ranchi,CR_Coils,3643.4389982476478,0.0,DISPATCHED
2023-05-24,DISP_000437,RAKE_00135,Durgapur,CR_Coils,2725.8332424590667,0.0,IN_TRANSIT
2023-05-24,DISP_000438,RAKE_00206,Patna,Billets,3285.288869760491,0.0,DELIVERED
2023-05-24,DISP_000439,RAKE_00138,Patna,CR_Coils,3198.7569981820425,0.0,IN_TRANSIT
2023-05-25,DISP_000440,RAKE_00301,Ranchi,HR_Coils,3479.7450289034523,0.0,IN_TRANSIT
2023-05-25,DISP_000441,RAKE_00407,Ranchi,Billets,2004.18947228038,0.0,IN_TRANSIT
2023-05-25,DISP_000442,RAKE_00299,Kolkata,Pig_Iron,2093.139649717456,0.0,IN_TRANSIT
2023-05-25,DISP_000443,RAKE_00247,Durgapur,Pig_Iron,3376.076908796278,0.0,DELIVERED
2023-05-26,DISP_000444,RAKE_00128,Patna,HR_Coils,2680.4219073188688,0.0,DISPATCHED
2023-05-26,DISP_000445,RAKE_00177,Kolkata,Billets,2329.078877819674,0.0,DISPATCHED
2023-05-27,DISP_000446,RAKE_00418,Kolkata,TMT_Bars,3616.5785610900975,0.0,DISPATCHED
2023-05-27,DISP_000447,RAKE_00499,Patna,TMT_Bars,3230.73578077401,0.0,DELIVERED
2023-05-28,DISP_000448,RAKE_00173,Patna,HR_Coils,2856.8850971501906,0.0,DISPATCHED
2023-05-28,DISP_000449,RAKE_00130,Durgapur,Pig_Iron,2143.1202175148387,0.0,IN_TRANSIT
2023-05-28,DISP_000450,RAKE_00059,Haldia,Pig_Iron,3527.878205767118,0.0,DISPATCHED
2023-05-29,DISP_000451,RAKE_00197,Patna,Billets,2495.4203247295372,0.0,IN_TRANSIT
2023-05-29,DISP_000452,RAKE_00369,Haldia,HR_Coils,3066.266185269222,0.0,IN_TRANSIT
2023-05-30,DISP_000453,RAKE_00202,Patna,Plates,3529.91256165265,0.0,IN_TRANSIT
2023-05-30,DISP_000454,RAKE_00324,Ranchi,TMT_Bars,3004.2572359378137,0.0,DISPATCHED
2023-05-30,DISP_000455,RAKE_00219,Ranchi,Pig_Iron,3165.92731266446,0.0,DISPATCHED
2023-05-31,DISP_000456,RAKE_00434,Haldia,Pig_Iron,2204.410624283966,0.0,IN_TRANSIT
2023-05-31,DISP_000457,RAKE_00479,Haldia,HR_Coils,2809.6094897990524,0.0,DISPATCHED
2023-05-31,DISP_000458,RAKE_00090,Ranchi,Wire_Rods,3027.139262240971,0.0,DISPATCHED
2023-06-01,DISP_000459,RAKE_00306,Haldia,Pig_Iron,3192.9970549188756,5.177429136981672,IN_TRANSIT
2023-06-01,DISP_000460,RAKE_00045,Durgapur,CR_Coils,2952.2953377722824,0.0,IN_TRANSIT
2023-06-01,DISP_000461,RAKE_00190,Durgapur,Plates,2929.462239812936,0.0,IN_TRANSIT
2023-06-01,DISP_000462,RAKE_00158,Durgapur,Billets,2773.15551639175,0.0,DISPATCHED
2023-06-02,DISP_000463,RAKE_00050,Patna,Pig_Iron,3616.48568284243,0.0,DISPATCHED
2023-06-02,DISP_000464,RAKE_00340,Ranchi,CR_Coils,2270.872401275628,0.0,DELIVERED
2023-06-03,DISP_000465,RAKE_00337,Ranchi,HR_Coils,3054.965113216511,2.6965420512888807,IN_TRANSIT
2023-06-03,DISP_000466,RAKE_00410,Haldia,TMT_Bars,3408.5113478172652,0.0,DELIVERED
2023-06-03,DISP_000467,RAKE_00234,Durgapur,TMT_Bars,2618.6084373715184,0.0,DELIVERED
2023-06-04,DISP_000468,RAKE_00470,Durgapur,TMT_Bars,2049.050648494547,0.0,IN_TRANSIT
2023-06-04,DISP_000469,RAKE_00192,Patna,Pig_Iron,2549.6394169786595,0.0,DISPATCHED
2023-06-04,DISP_000470,RAKE_00038,Ranchi,Pig_Iron,3548.0807156717165,0.0,DELIVERED
2023-06-04,DISP_000471,RAKE_00480,Haldia,Billets,2289.1230626840415,0.0,IN_TRANSIT
2023-06-05,DISP_000472,RAKE_00029,Haldia,Pig_Iron,2691.825087757279,4.457670061056147,DELIVERED
2023-06-05,DISP_000473,RAKE_00073,Ranchi,TMT_Bars,2186.480501298429,0.0,DELIVERED
2023-06-05,DISP_000474,RAKE_00189,Haldia,Wire_Rods,2068.848520540062,0.0,DELIVERED
2023-06-06,DISP_000475,RAKE_00222,Ranchi,HR_Coils,2769.352834602905,0.0,DISPATCHED
2023-06-06,DISP_000476,RAKE_00136,Durgapur,HR_Coils,2509.846238729918,0.0,IN_TRANSIT
2023-06-07,DISP_000477,RAKE_00345,Haldia,HR_Coils,2848.14464227844,4.063140710846196,IN_TRANSIT
2023-06-07,DISP_000478,RAKE_00178,Durgapur,Wire_Rods,2996.395772462131,0.0,DISPATCHED
2023-06-08,DISP_000479,RAKE_00356,Haldia,Plates,2629.8516073490414,0.0,DELIVERED
2023-06-08,DISP_000480,RAKE_00174,Durgapur,Billets,2335.5368758997133,0.0,DISPATCHED
2023-06-08,DISP_000481,RAKE_00356,Durgapur,Billets,2980.8955016381847,0.0,IN_TRANSIT
2023-06-09,DISP_000482,RAKE_00214,Durgapur,Billets,2358.0419830440096,0.0,DELIVERED
2023-06-09,DISP_000483,RAKE_00141,Patna,Billets,2577.1506253396983,0.0,DELIVERED
2023-06-10,DISP_000484,RAKE_00167,Ranchi,CR_Coils,2923.3722984905767,0.0,DISPATCHED
2023-06-10,DISP_000485,RAKE_00236,Ranchi,Billets,2812.3983691737717,0.0,DELIVERED
2023-06-10,DISP_000486,RAKE_00119,Ranchi,HR_Coils,2097.059809232452,0.0,IN_TRANSIT
2023-06-11,DISP_000487,RAKE_00316,Patna,Billets,2855.555827401876,0.0,IN_TRANSIT
2023-06-11,DISP_000488,RAKE_00477,Durgapur,HR_Coils,2863.922887805048,0.0,IN_TRANSIT
2023-06-12,DISP_000489,RAKE_00217,Ranchi,TMT_Bars,3526.0772917714385,0.0,DELIVERED
2023-06-12,DISP_000490,RAKE_00391,Durgapur,Billets,3136.210914438508,0.0,DELIVERED
2023-06-13,DISP_000491,RAKE_00049,Patna,TMT_Bars,3651.175443911113,0.0,DELIVERED
2023-06-13,DISP_000492,RAKE_00238,Ranchi,Wire_Rods,3270.4494715231285,0.0,IN_TRANSIT
2023-06-14,DISP_000493,RAKE_00469,Patna,CR_Coils,3347.841324881344,0.0,IN_TRANSIT
2023-06-14,DISP_000494,RAKE_00116,Ranchi,HR_Coils,3527.9586248429655,0.0,IN_TRANSIT
2023-06-14,DISP_000495,RAKE_00118,Ranchi,Billets,2588.5986067366366,0.0,DELIVERED
2023-06-15,DISP_000496,RAKE_00234,Haldia,TMT_Bars,2345.272972312602,5.33077745746563,DELIVERED
2023-06-15,DISP_000497,RAKE_00033,Ranchi,HR_Coils,2543.1708628167153,0.0,DELIVERED
2023-06-15,DISP_000498,RAKE_00306,Haldia,CR_Coils,3203.190595188877,7.3177911714760855,DELIVERED
2023-06-16,DISP_000499,RAKE_00048,Ranchi,Pig_Iron,2078.8318648411173,0.0,DISPATCHED
2023-06-16,DISP_000500,RAKE_00040,Patna,Billets,3487.497310716426,0.0,DISPATCHED
2023-06-16,DISP_000501,RAKE_00166,Ranchi,Wire_Rods,3154.0402520819976,0.0,DISPATCHED
2023-06-16,DISP_000502,RAKE_00118,Haldia,Plates,2312.9911596024613,7.806436130901214,IN_TRANSIT
2023-06-17,DISP_000503,RAKE_00203,Durgapur,CR_Coils,2027.8258800506735,0.0,DISPATCHED
2023-06-17,DISP_000504,RAKE_00322,Kolkata,HR_Coils,2038.4166537854783,0.0,DELIVERED
2023-06-18,DISP_000505,RAKE_00441,Patna,CR_Coils,2088.5291272546447,2.1820079922016555,IN_TRANSIT
2023-06-18,DISP_000506,RAKE_00121,Kolkata,TMT_Bars,2566.4352854200524,1.719715823882139,DISPATCHED
2023-06-19,DISP_000507,RAKE_00035,Ranchi,CR_Coils,2048.986775328357,0.0,DISPATCHED
2023-06-19,DISP_000508,RAKE_00363,Patna,Billets,2747.3433308900385,0.0,IN_TRANSIT
2023-06-19,DISP_000509,RAKE_00346,Haldia,Plates,3518.8966857187197,5.3668478482674535,DISPATCHED
2023-06-20,DISP_000510,RAKE_00403,Haldia,Plates,3457.352287438296,7.330386986087925,IN_TRANSIT
2023-06-20,DISP_000511,RAKE_00307,Ranchi,HR_Coils,3494.105188234536,0.0,IN_TRANSIT
2023-06-20,DISP_000512,RAKE_00255,Kolkata,Pig_Iron,2100.3468914639593,1.8383940638975855,DISPATCHED
2023-06-21,DISP_000513,RAKE_00175,Kolkata,TMT_Bars,3615.0479536278153,0.0,DISPATCHED
2023-06-21,DISP_000514,RAKE_00192,Ranchi,Billets,3215.554716041568,0.0,DISPATCHED
2023-06-22,DISP_000515,RAKE_00362,Haldia,Pig_Iron,2514.7973498166766,0.0,IN_TRANSIT
2023-06-22,DISP_000516,RAKE_00139,Kolkata,Billets,2823.051599294486,1.1598367230494602,DELIVERED
2023-06-22,DISP_000517,RAKE_00459,Haldia,Billets,2624.9766135880327,0.0,IN_TRANSIT
2023-06-23,DISP_000518,RAKE_00181,Durgapur,Wire_Rods,2715.0705212599005,0.0,DELIVERED
2023-06-23,DISP_000519,RAKE_00238,Haldia,Plates,3328.948236582377,7.684221590020849,DELIVERED
2023-06-24,DISP_000520,RAKE_00267,Kolkata,Billets,2004.1512252887203,0.0,DELIVERED
2023-06-24,DISP_000521,RAKE_00077,Patna,TMT_Bars,2165.5530571077484,0.0,DELIVERED
2023-06-24,DISP_000522,RAKE_00025,Kolkata,TMT_Bars,2955.9129629459967,0.0,DELIVERED
2023-06-24,DISP_000523,RAKE_00324,Durgapur,Plates,3339.1317475543897,0.0,IN_TRANSIT
2023-06-25,DISP_000524,RAKE_00250,Ranchi,HR_Coils,2412.9090911423127,0.0,IN_TRANSIT
2023-06-25,DISP_000525,RAKE_00232,Haldia,Plates,2631.173389904663,0.0,DELIVERED
2023-06-25,DISP_000526,RAKE_00067,Durgapur,HR_Coils,2667.9380763566796,0.0,DISPATCHED
2023-06-26,DISP_000527,RAKE_00364,Ranchi,HR_Coils,3198.190719976701,0.0,IN_TRANSIT
2023-06-26,DISP_000528,RAKE_00229,Haldia,HR_Coils,2252.926805790887,0.0,DELIVERED
2023-06-26,DISP_000529,RAKE_00184,Durgapur,HR_Coils,2830.2684662639363,0.0,DISPATCHED
2023-06-26,DISP_000530,RAKE_00043,Patna,HR_Coils,2213.6769695026856,0.0,DISPATCHED
2023-06-27,DISP_000531,RAKE_00394,Kolkata,Pig_Iron,3645.1630788055927,0.0,DELIVERED
2023-06-27,DISP_000532,RAKE_00302,Ranchi,TMT_Bars,2890.130447729014,0.0,IN_TRANSIT
2023-06-28,DISP_000533,RAKE_00051,Kolkata,Billets,2313.603997082034,0.0,DELIVERED
2023-06-28,DISP_000534,RAKE_00162,Durgapur,Wire_Rods,3042.82536436357,0.0,IN_TRANSIT
2023-06-28,DISP_000535,RAKE_00265,Durgapur,Wire_Rods,2154.471898517205,0.0,DISPATCHED
2023-06-29,DISP_000536,RAKE_00219,Haldia,Wire_Rods,2104.456733934674,0.0,DELIVERED
2023-06-29,DISP_000537,RAKE_00109,Ranchi,Wire_Rods,2579.183304610838,0.0,DELIVERED
2023-06-29,DISP_000538,RAKE_00379,Kolkata,Plates,2120.561773169495,0.0,DELIVERED
2023-06-29,DISP_000539,RAKE_00257,Kolkata,CR_Coils,2457.316309650326,0.0,DISPATCHED
2023-06-30,DISP_000540,RAKE_00373,Ranchi,Plates,2550.2502010110074,0.0,DISPATCHED
2023-06-30,DISP_000541,RAKE_00121,Ranchi,CR_Coils,3630.2170200151018,0.0,DISPATCHED
2023-06-30,DISP_000542,RAKE_00396,Patna,TMT_Bars,2683.1695704323065,0.0,DELIVERED
2023-07-01,DISP_000543,RAKE_00341,Durgapur,HR_Coils,3263.100887907034,0.0,DISPATCHED
2023-07-01,DISP_000544,RAKE_00467,Durgapur,HR_Coils,3573.1892886028063,1.9944830043150372,IN_TRANSIT
2023-07-01,DISP_000545,RAKE_00112,Patna,Plates,2738.480600672612,0.0,IN_TRANSIT
2023-07-02,DISP_000546,RAKE_00493,Durgapur,Wire_Rods,3262.910026233449,0.0,DELIVERED
2023-07-02,DISP_000547,RAKE_00392,Patna,Wire_Rods,2554.451568322407,0.0,DELIVERED
2023-07-03,DISP_000548,RAKE_00026,Haldia,Wire_Rods,3453.8060480740155,0.0,DISPATCHED
2023-07-03,DISP_000549,RAKE_00434,Patna,TMT_Bars,2656.088088593302,0.0,DISPATCHED
2023-07-03,DISP_000550,RAKE_00030,Haldia,Wire_Rods,3357.1347198597487,0.0,DISPATCHED
2023-07-04,DISP_000551,RAKE_00309,Patna,Wire_Rods,2561.2794376244506,0.0,DELIVERED
2023-07-04,DISP_000552,RAKE_00159,Ranchi,Wire_Rods,2545.354651316454,0.0,DELIVERED
2023-07-04,DISP_000553,RAKE_00360,Haldia,TMT_Bars,3135.90774623774,0.0,DELIVERED
2023-07-04,DISP_000554,RAKE_00122,Patna,CR_Coils,2838.828068149328,0.0,DISPATCHED
2023-07-05,DISP_000555,RAKE_00360,Kolkata,Wire_Rods,2321.085762004641,0.0,DELIVERED
2023-07-05,DISP_000556,RAKE_00024,Haldia,Wire_Rods,2542.913788275508,0.0,IN_TRANSIT
2023-07-06,DISP_000557,RAKE_00465,Haldia,Plates,3262.4075132926437,0.0,IN_TRANSIT
2023-07-06,DISP_000558,RAKE_00247,Haldia,TMT_Bars,3249.218334953572,7.362492379671298,DISPATCHED
2023-07-07,DISP_000559,RAKE_00127,Patna,Pig_Iron,2442.2595153402954,0.0,IN_TRANSIT
2023-07-07,DISP_000560,RAKE_00439,Ranchi,Wire_Rods,3209.606903167288,0.0,DELIVERED
2023-07-07,DISP_000561,RAKE_00253,Kolkata,Pig_Iron,2125.3045224420644,0.0,IN_TRANSIT
2023-07-08,DISP_000562,RAKE_00268,Kolkata,CR_Coils,2045.9666651852494,0.0,IN_TRANSIT
2023-07-08,DISP_000563,RAKE_00031,Durgapur,HR_Coils,2080.376117382065,0.0,IN_TRANSIT
2023-07-08,DISP_000564,RAKE_00208,Patna,Plates,3230.412711074014,0.0,DELIVERED
2023-07-08,DISP_000565,RAKE_00490,Patna,Plates,2999.160688198731,0.0,DISPATCHED
2023-07-09,DISP_000566,RAKE_00197,Ranchi,Wire_Rods,3221.5691717056807,0.0,DISPATCHED
2023-07-09,DISP_000567,RAKE_00203,Haldia,CR_Coils,3566.0074177102215,0.0,DISPATCHED
2023-07-10,DISP_000568,RAKE_00185,Ranchi,CR_Coils,2365.0621839241876,0.0,DISPATCHED
2023-07-10,DISP_000569,RAKE_00033,Durgapur,Plates,2568.912579908485,0.0,IN_TRANSIT
2023-07-10,DISP_000570,RAKE_00243,Haldia,Billets,3470.3690850438543,3.9298761207602144,IN_TRANSIT
2023-07-11,DISP_000571,RAKE_00032,Ranchi,HR_Coils,2268.3021595024334,0.0,IN_TRANSIT
2023-07-11,DISP_000572,RAKE_00482,Ranchi,Plates,2490.58244107778,0.0,IN_TRANSIT
2023-07-12,DISP_000573,RAKE_00382,Haldia,CR_Coils,2538.094978445405,0.0,DISPATCHED
2023-07-12,DISP_000574,RAKE_00429,Durgapur,CR_Coils,3329.2746007552705,0.0,DISPATCHED
2023-07-12,DISP_000575,RAKE_00363,Durgapur,TMT_Bars,2968.402162273681,0.0,DISPATCHED
2023-07-12,DISP_000576,RAKE_00166,Kolkata,Wire_Rods,2340.161524844263,0.0,DISPATCHED
2023-07-13,DISP_000577,RAKE_00080,Haldia,Pig_Iron,3366.6627901100546,7.248672385970307,DISPATCHED
2023-07-13,DISP_000578,RAKE_00100,Patna,CR_Coils,3169.387889512363,0.0,IN_TRANSIT
2023-07-13,DISP_000579,RAKE_00176,Kolkata,CR_Coils,2476.4746693367147,0.0,DISPATCHED
2023-07-13,DISP_000580,RAKE_00339,Durgapur,HR_Coils,3208.4707985503246,2.301864872394167,DELIVERED
2023-07-14,DISP_000581,RAKE_00495,Patna,Pig_Iron,3022.0519234547432,0.0,DISPATCHED
2023-07-14,DISP_000582,RAKE_00374,Ranchi,Wire_Rods,3097.534392003096,0.0,IN_TRANSIT
2023-07-14,DISP_000583,RAKE_00230,Ranchi,CR_Coils,3155.4125389048727,0.0,DELIVERED
2023-07-15,DISP_000584,RAKE_00429,Durgapur,Plates,3196.8117467499437,0.0,DELIVERED
2023-07-15,DISP_000585,RAKE_00228,Durgapur,TMT_Bars,3061.3153355211707,0.0,DELIVERED
2023-07-15,DISP_000586,RAKE_00036,Ranchi,Billets,2854.253561523842,0.0,DELIVERED
2023-07-15,DISP_000587,RAKE_00420,Haldia,TMT_Bars,2016.971504028382,0.0,IN_TRANSIT
2023-07-16,DISP_000588,RAKE_00298,Haldia,Billets,2929.2016628425595,0.0,DELIVERED
2023-07-16,DISP_000589,RAKE_00385,Kolkata,Wire_Rods,2822.971645733931,0.0,DELIVERED
2023-07-16,DISP_000590,RAKE_00082,Ranchi,Billets,2044.3508741728656,0.0,IN_TRANSIT
2023-07-16,DISP_000591,RAKE_00013,Haldia,Wire_Rods,2865.789074674231,0.0,IN_TRANSIT
2023-07-17,DISP_000592,RAKE_00203,Kolkata,Pig_Iron,2108.739238694502,0.0,DISPATCHED
2023-07-17,DISP_000593,RAKE_00150,Ranchi,Billets,3276.4569349569892,0.0,DISPATCHED
2023-07-17,DISP_000594,RAKE_00330,Patna,Pig_Iron,2518.9074376679973,0.0,DELIVERED
2023-07-17,DISP_000595,RAKE_00344,Kolkata,CR_Coils,3304.920900511755,0.0,DISPATCHED
2023-07-18,DISP_000596,RAKE_00434,Patna,Wire_Rods,3459.915704184559,0.0,DISPATCHED
2023-07-18,DISP_000597,RAKE_00312,Kolkata,Pig_Iron,2017.6857607659042,0.0,IN_TRANSIT
2023-07-18,DISP_000598,RAKE_00460,Haldia,Pig_Iron,3334.125308906314,4.25308038239474,IN_TRANSIT
2023-07-19,DISP_000599,RAKE_00212,Kolkata,CR_Coils,2041.7956245432676,0.0,DISPATCHED
2023-07-19,DISP_000600,RAKE_00141,Ranchi,HR_Coils,2646.231316775315,0.0,IN_TRANSIT
2023-07-20,DISP_000601,RAKE_00353,Ranchi,Billets,2782.266524565979,0.0,IN_TRANSIT
2023-07-20,DISP_000602,RAKE_00473,Durgapur,CR_Coils,2519.2773241266536,0.0,DISPATCHED
2023-07-20,DISP_000603,RAKE_00065,Durgapur,Wire_Rods,2186.4829072916227,0.0,DISPATCHED
2023-07-21,DISP_000604,RAKE_00040,Haldia,Plates,2585.2072138355225,0.0,DISPATCHED
2023-07-21,DISP_000605,RAKE_00442,Durgapur,Pig_Iron,3653.509616545053,0.0,DELIVERED
2023-07-22,DISP_000606,RAKE_00175,Ranchi,TMT_Bars,3041.906586558046,0.0,IN_TRANSIT
2023-07-22,DISP_000607,RAKE_00449,Ranchi,CR_Coils,2347.6474267996628,0.0,IN_TRANSIT
2023-07-22,DISP_000608,RAKE_00066,Ranchi,Plates,2891.572001063935,0.0,IN_TRANSIT
2023-07-22,DISP_000609,RAKE_00495,Durgapur,CR_Coils,2707.728898777561,0.0,DISPATCHED
2023-07-23,DISP_000610,RAKE_00059,Ranchi,HR_Coils,3486.2089216715244,0.0,DISPATCHED
2023-07-23,DISP_000611,RAKE_00107,Durgapur,Billets,2145.6216690257143,0.0,DISPATCHED
2023-07-24,DISP_000612,RAKE_00058,Kolkata,CR_Coils,3636.01235363826,2.669550741668937,DELIVERED
2023-07-24,DISP_000613,RAKE_00478,Haldia,TMT_Bars,2368.1922616000015,5.0823121083021565,IN_TRANSIT
2023-07-24,DISP_000614,RAKE_00274,Ranchi,Billets,2531.3695840772443,0.0,IN_TRANSIT
2023-07-24,DISP_000615,RAKE_00370,Patna,HR_Coils,2520.412659936521,0.0,DELIVERED
2023-07-25,DISP_000616,RAKE_00044,Durgapur,Pig_Iron,3457.641949587822,0.0,DISPATCHED
2023-07-25,DISP_000617,RAKE_00496,Haldia,HR_Coils,2423.4068291740355,3.8027761269672187,DELIVERED
2023-07-26,DISP_000618,RAKE_00128,Durgapur,CR_Coils,2845.1724172393397,0.0,IN_TRANSIT
2023-07-26,DISP_000619,RAKE_00381,Durgapur,Plates,3204.589647093575,1.7667335517608342,DELIVERED
2023-07-26,DISP_000620,RAKE_00442,Patna,HR_Coils,2349.56767461857,0.0,DISPATCHED
2023-07-26,DISP_000621,RAKE_00142,Haldia,Wire_Rods,2170.5801847673033,0.0,DELIVERED
2023-07-27,DISP_000622,RAKE_00289,Ranchi,Plates,2749.2484058751406,0.0,DELIVERED
2023-07-27,DISP_000623,RAKE_00427,Patna,Wire_Rods,3599.337069590605,0.0,DELIVERED
2023-07-27,DISP_000624,RAKE_00384,Haldia,CR_Coils,3131.8052349967884,0.0,DISPATCHED
2023-07-28,DISP_000625,RAKE_00369,Ranchi,HR_Coils,3275.669941399906,0.0,DISPATCHED
2023-07-28,DISP_000626,RAKE_00156,Patna,HR_Coils,2448.1558255143186,0.0,DELIVERED
2023-07-28,DISP_000627,RAKE_00283,Durgapur,TMT_Bars,2564.811441239912,0.0,DISPATCHED
2023-07-28,DISP_000628,RAKE_00015,Durgapur,CR_Coils,2879.7806729298127,1.9531324530993868,DELIVERED
2023-07-29,DISP_000629,RAKE_00013,Haldia,HR_Coils,3625.805152869433,5.746983288821937,DELIVERED
2023-07-29,DISP_000630,RAKE_00182,Haldia,Pig_Iron,2897.5194614712645,0.0,DISPATCHED
2023-07-29,DISP_000631,RAKE_00302,Haldia,Billets,3385.9471131496566,7.389229387483384,IN_TRANSIT
2023-07-29,DISP_000632,RAKE_00133,Haldia,HR_Coils,2936.2476271596647,0.0,DISPATCHED
2023-07-30,DISP_000633,RAKE_00328,Patna,Billets,3053.622980043944,0.0,IN_TRANSIT
2023-07-30,DISP_000634,RAKE_00442,Kolkata,Wire_Rods,2619.6343388825553,0.0,DISPATCHED
2023-07-31,DISP_000635,RAKE_00331,Durgapur,CR_Coils,2401.074451970824,0.0,DELIVERED
2023-07-31,DISP_000636,RAKE_00277,Patna,CR_Coils,2116.257596979693,0.0,DELIVERED
2023-07-31,DISP_000637,RAKE_00366,Ranchi,TMT_Bars,3524.7704012069853,0.0,IN_TRANSIT
2023-08-01,DISP_000638,RAKE_00048,Kolkata,TMT_Bars,2749.2866774186973,0.0,IN_TRANSIT
2023-08-01,DISP_000639,RAKE_00337,Patna,Billets,2760.9027637054837,0.0,DISPATCHED
2023-08-02,DISP_000640,RAKE_00429,Kolkata,TMT_Bars,3009.5798997099255,1.0197113228727066,IN_TRANSIT
2023-08-02,DISP_000641,RAKE_00340,Kolkata,CR_Coils,2397.6587994766355,0.0,DISPATCHED
2023-08-02,DISP_000642,RAKE_00316,Ranchi,Plates,2646.9784759971717,0.0,IN_TRANSIT
2023-08-03,DISP_000643,RAKE_00482,Ranchi,Wire_Rods,2940.3173560803953,0.0,IN_TRANSIT
2023-08-03,DISP_000644,RAKE_00160,Haldia,Wire_Rods,3205.8418596756665,0.0,IN_TRANSIT
2023-08-03,DISP_000645,RAKE_00291,Kolkata,Plates,3167.3891230097406,0.0,IN_TRANSIT
2023-08-03,DISP_000646,RAKE_00499,Haldia,Billets,3560.684183581685,0.0,DELIVERED
2023-08-04,DISP_000647,RAKE_00248,Durgapur,CR_Coils,3106.4483660726873,0.0,DELIVERED
2023-08-04,DISP_000648,RAKE_00382,Kolkata,HR_Coils,2149.4637237669185,0.0,DISPATCHED
2023-08-04,DISP_000649,RAKE_00083,Kolkata,Pig_Iron,3435.9244611052586,0.0,DELIVERED
2023-08-05,DISP_000650,RAKE_00407,Patna,CR_Coils,3622.54813952533,2.603559200113459,IN_TRANSIT
2023-08-05,DISP_000651,RAKE_00486,Ranchi,Wire_Rods,2003.731909955784,2.3272702003359735,DISPATCHED
2023-08-06,DISP_000652,RAKE_00315,Haldia,CR_Coils,3596.898905500216,0.0,DELIVERED
2023-08-06,DISP_000653,RAKE_00180,Haldia,TMT_Bars,2815.506046442888,7.715453111507858,IN_TRANSIT
2023-08-06,DISP_000654,RAKE_00036,Durgapur,Plates,3558.752524827757,0.0,DISPATCHED
2023-08-07,DISP_000655,RAKE_00217,Ranchi,TMT_Bars,3240.1277518855886,0.0,DISPATCHED
2023-08-07,DISP_000656,RAKE_00479,Haldia,Pig_Iron,2920.7669364219264,4.8333130763930345,DISPATCHED
2023-08-08,DISP_000657,RAKE_00471,Haldia,TMT_Bars,2852.0988749964263,3.107914893760494,DISPATCHED
2023-08-08,DISP_000658,RAKE_00251,Patna,Plates,3122.28056239815,0.0,DISPATCHED
2023-08-08,DISP_000659,RAKE_00060,Kolkata,Billets,2089.68938869327,0.0,DISPATCHED
2023-08-08,DISP_000660,RAKE_00305,Durgapur,Pig_Iron,2667.4247073023944,0.0,IN_TRANSIT
2023-08-09,DISP_000661,RAKE_00258,Patna,Pig_Iron,2670.484527157811,0.0,IN_TRANSIT
2023-08-09,DISP_000662,RAKE_00472,Haldia,CR_Coils,2290.629263049116,6.973985101286786,DISPATCHED
2023-08-10,DISP_000663,RAKE_00430,Patna,Pig_Iron,3056.396231730798,0.0,IN_TRANSIT
2023-08-10,DISP_000664,RAKE_00406,Ranchi,TMT_Bars,2868.216387627909,0.0,DISPATCHED
2023-08-10,DISP_000665,RAKE_00072,Ranchi,TMT_Bars,2348.5716966919917,0.0,DISPATCHED
2023-08-10,DISP_000666,RAKE_00363,Durgapur,Wire_Rods,3050.650045326922,0.0,IN_TRANSIT
2023-08-11,DISP_000667,RAKE_00473,Durgapur,Wire_Rods,3349.1424983516167,0.0,DISPATCHED
2023-08-11,DISP_000668,RAKE_00099,Haldia,Billets,3202.9499783459014,0.0,DISPATCHED
2023-08-11,DISP_000669,RAKE_00268,Kolkata,Wire_Rods,3175.6432996242706,0.0,IN_TRANSIT
2023-08-12,DISP_000670,RAKE_00262,Patna,Billets,2132.881459041376,0.0,DELIVERED
2023-08-12,DISP_000671,RAKE_00334,Patna,Billets,2995.8080237987606,0.0,DISPATCHED
2023-08-12,DISP_000672,RAKE_00217,Durgapur,HR_Coils,2320.711884302747,0.0,DELIVERED
2023-08-12,DISP_000673,RAKE_00203,Durgapur,Plates,2638.5188788341366,0.0,DISPATCHED
2023-08-13,DISP_000674,RAKE_00143,Durgapur,CR_Coils,2132.090610957268,0.0,DELIVERED
2023-08-13,DISP_000675,RAKE_00144,Patna,Plates,3273.555690986022,0.0,IN_TRANSIT
2023-08-13,DISP_000676,RAKE_00369,Ranchi,Plates,3277.246437957364,0.0,DELIVERED
2023-08-13,DISP_000677,RAKE_00168,Kolkata,Pig_Iron,3133.537251083925,0.0,IN_TRANSIT
2023-08-14,DISP_000678,RAKE_00455,Patna,Wire_Rods,3566.8322897970575,0.0,DISPATCHED
2023-08-14,DISP_000679,RAKE_00163,Ranchi,HR_Coils,2660.6792545024095,0.0,IN_TRANSIT
2023-08-15,DISP_000680,RAKE_00311,Haldia,CR_Coils,3541.416283127631,3.181581475044287,IN_TRANSIT
2023-08-15,DISP_000681,RAKE_00449,Patna,Pig_Iron,3077.0388470823527,0.0,DISPATCHED
2023-08-16,DISP_000682,RAKE_00359,Haldia,CR_Coils,2471.2270524895484,7.81676479481324,DISPATCHED
2023-08-16,DISP_000683,RAKE_00402,Kolkata,CR_Coils,2771.5761168492754,0.0,DISPATCHED
2023-08-16,DISP_000684,RAKE_00232,Ranchi,CR_Coils,3110.626410573902,0.0,DISPATCHED
2023-08-17,DISP_000685,RAKE_00033,Haldia,CR_Coils,2579.497207007951,0.0,DISPATCHED
2023-08-17,DISP_000686,RAKE_00399,Durgapur,CR_Coils,3399.4410686641645,0.0,DELIVERED
2023-08-17,DISP_000687,RAKE_00014,Kolkata,HR_Coils,2138.963291844616,0.0,DISPATCHED
2023-08-18,DISP_000688,RAKE_00365,Haldia,Pig_Iron,3373.254911361518,0.0,DISPATCHED
2023-08-18,DISP_000689,RAKE_00192,Kolkata,HR_Coils,2660.0675597256177,0.0,IN_TRANSIT
2023-08-18,DISP_000690,RAKE_00246,Kolkata,Wire_Rods,2877.9721455360195,0.0,IN_TRANSIT
2023-08-19,DISP_000691,RAKE_00116,Ranchi,Plates,2101.468036406888,0.0,DISPATCHED
2023-08-19,DISP_000692,RAKE_00497,Durgapur,Wire_Rods,2969.426125184179,0.0,IN_TRANSIT
2023-08-19,DISP_000693,RAKE_00140,Durgapur,HR_Coils,3459.4112885114955,0.0,DISPATCHED
2023-08-19,DISP_000694,RAKE_00140,Haldia,HR_Coils,3034.3538194833195,6.5650672109668555,DELIVERED
2023-08-20,DISP_000695,RAKE_00420,Durgapur,Plates,2584.195524624094,0.0,IN_TRANSIT
2023-08-20,DISP_000696,RAKE_00355,Haldia,Wire_Rods,3459.7695619744245,0.0,DELIVERED
2023-08-20,DISP_000697,RAKE_00195,Durgapur,Pig_Iron,3582.2961469615775,2.7848942751825216,DELIVERED
2023-08-21,DISP_000698,RAKE_00244,Kolkata,TMT_Bars,3598.5709865300687,0.0,IN_TRANSIT
2023-08-21,DISP_000699,RAKE_00064,Haldia,Plates,3402.3250263085265,7.324148846231799,DELIVERED
2023-08-21,DISP_000700,RAKE_00285,Kolkata,HR_Coils,3640.876633278015,1.4744094169194566,IN_TRANSIT
2023-08-21,DISP_000701,RAKE_00058,Durgapur,Wire_Rods,3304.7675027923588,0.0,DELIVERED
2023-08-22,DISP_000702,RAKE_00315,Durgapur,Billets,2750.0822269653577,0.0,IN_TRANSIT
2023-08-22,DISP_000703,RAKE_00050,Patna,TMT_Bars,2559.9935031514806,0.0,DISPATCHED
2023-08-22,DISP_000704,RAKE_00016,Patna,CR_Coils,2244.916475505562,0.0,IN_TRANSIT
2023-08-23,DISP_000705,RAKE_00060,Kolkata,Billets,3259.949601466886,0.0,DELIVERED
2023-08-23,DISP_000706,RAKE_00014,Kolkata,CR_Coils,2668.314686457758,1.9862921858251188,DELIVERED
2023-08-24,DISP_000707,RAKE_00296,Haldia,CR_Coils,3307.3284478622845,0.0,IN_TRANSIT
2023-08-24,DISP_000708,RAKE_00407,Kolkata,Pig_Iron,2100.5734839818233,0.0,DISPATCHED
2023-08-24,DISP_000709,RAKE_00151,Durgapur,Pig_Iron,2255.740429371982,0.0,DELIVERED
2023-08-24,DISP_000710,RAKE_00255,Ranchi,TMT_Bars,2250.270817916192,0.0,DISPATCHED
2023-08-25,DISP_000711,RAKE_00177,Kolkata,Wire_Rods,2672.808890391436,0.0,DELIVERED
2023-08-25,DISP_000712,RAKE_00040,Durgapur,CR_Coils,3375.382018107285,0.0,IN_TRANSIT
2023-08-25,DISP_000713,RAKE_00452,Kolkata,Billets,2669.6602545232317,0.0,IN_TRANSIT
2023-08-25,DISP_000714,RAKE_00313,Patna,HR_Coils,2168.0223385847416,0.0,DELIVERED
2023-08-26,DISP_000715,RAKE_00057,Kolkata,Pig_Iron,3585.959383046262,2.338766292202632,DELIVERED
2023-08-26,DISP_000716,RAKE_00413,Patna,Plates,3406.9321040180266,1.1054366981734198,IN_TRANSIT
2023-08-26,DISP_000717,RAKE_00138,Patna,Pig_Iron,2650.285527468556,0.0,DISPATCHED
2023-08-27,DISP_000718,RAKE_00356,Kolkata,Wire_Rods,2564.2343165906764,0.0,DISPATCHED
2023-08-27,DISP_000719,RAKE_00400,Patna,Pig_Iron,2808.6952023732583,0.0,DELIVERED
2023-08-27,DISP_000720,RAKE_00063,Durgapur,CR_Coils,2825.8369321294103,0.0,DELIVERED
2023-08-27,DISP_000721,RAKE_00249,Patna,Wire_Rods,3241.6499258790855,0.0,DELIVERED
2023-08-28,DISP_000722,RAKE_00382,Haldia,Pig_Iron,3637.750383508078,0.0,IN_TRANSIT
2023-08-28,DISP_000723,RAKE_00229,Durgapur,Wire_Rods,2406.980987286765,0.0,IN_TRANSIT
2023-08-29,DISP_000724,RAKE_00262,Haldia,HR_Coils,2077.517274155623,0.0,DELIVERED
2023-08-29,DISP_000725,RAKE_00137,Durgapur,Billets,2938.6482457475854,0.0,DELIVERED
2023-08-30,DISP_000726,RAKE_00276,Durgapur,Pig_Iron,2323.5556948509266,0.0,DELIVERED
2023-08-30,DISP_000727,RAKE_00107,Kolkata,Pig_Iron,3152.153122344308,0.0,IN_TRANSIT
2023-08-30,DISP_000728,RAKE_00292,Haldia,CR_Coils,3520.71511175851,7.146053104309014,DISPATCHED
2023-08-31,DISP_000729,RAKE_00116,Durgapur,Wire_Rods,2764.280175405443,0.0,IN_TRANSIT
2023-08-31,DISP_000730,RAKE_00034,Patna,Wire_Rods,2601.3097632215517,0.0,DELIVERED
2023-09-01,DISP_000731,RAKE_00228,Haldia,Pig_Iron,3410.813789195287,5.3104000463723775,DISPATCHED
2023-09-01,DISP_000732,RAKE_00475,Durgapur,Billets,3185.3059350397143,0.0,IN_TRANSIT
2023-09-01,DISP_000733,RAKE_00139,Haldia,Plates,3082.411188054825,3.8647989840154557,DELIVERED
2023-09-02,DISP_000734,RAKE_00075,Durgapur,HR_Coils,2611.4197499129223,0.0,IN_TRANSIT
2023-09-02,DISP_000735,RAKE_00100,Durgapur,HR_Coils,3261.86684289053,0.0,DELIVERED
2023-09-03,DISP_000736,RAKE_00498,Kolkata,Wire_Rods,2807.130589466821,0.0,DELIVERED
2023-09-03,DISP_000737,RAKE_00381,Kolkata,Plates,2614.3273766922157,0.0,DISPATCHED
2023-09-03,DISP_000738,RAKE_00417,Haldia,Pig_Iron,2840.0256722751305,0.0,DELIVERED
2023-09-04,DISP_000739,RAKE_00389,Kolkata,Plates,2320.782325487655,0.0,DELIVERED
2023-09-04,DISP_000740,RAKE_00330,Kolkata,TMT_Bars,3160.2774674197112,0.0,DELIVERED
2023-09-04,DISP_000741,RAKE_00152,Haldia,Billets,2927.8188242898323,7.014760362014657,IN_TRANSIT
2023-09-04,DISP_000742,RAKE_00443,Kolkata,Wire_Rods,3561.758537930483,0.0,DELIVERED
2023-09-05,DISP_000743,RAKE_00013,Kolkata,CR_Coils,3322.380109789169,0.0,IN_TRANSIT
2023-09-05,DISP_000744,RAKE_00468,Ranchi,Plates,2576.2320429638685,0.0,DISPATCHED
2023-09-05,DISP_000745,RAKE_00326,Ranchi,Plates,3275.1372288081343,0.0,DELIVERED
2023-09-06,DISP_000746,RAKE_00360,Ranchi,Billets,3244.2326533011947,1.3043733104290873,DISPATCHED
2023-09-06,DISP_000747,RAKE_00062,Haldia,HR_Coils,3341.469431783159,6.361622235031518,DISPATCHED
2023-09-06,DISP_000748,RAKE_00367,Haldia,Pig_Iron,2531.069313281069,3.3083415817050827,DELIVERED
2023-09-07,DISP_000749,RAKE_00123,Durgapur,Pig_Iron,3092.743817479328,0.0,DELIVERED
2023-09-07,DISP_000750,RAKE_00150,Ranchi,Wire_Rods,3583.6098412099846,0.0,DELIVERED
2023-09-07,DISP_000751,RAKE_00318,Kolkata,HR_Coils,3469.3665701944064,2.077626419152276,IN_TRANSIT
2023-09-08,DISP_000752,RAKE_00183,Haldia,Pig_Iron,3045.2553182691827,5.199648466140479,DELIVERED
2023-09-08,DISP_000753,RAKE_00444,Kolkata,Pig_Iron,2695.8836099932796,0.0,DELIVERED
2023-09-08,DISP_000754,RAKE_00473,Ranchi,TMT_Bars,2470.935209864343,2.2360414379664793,DISPATCHED
2023-09-08,DISP_000755,RAKE_00363,Patna,TMT_Bars,2847.376113530595,0.0,IN_TRANSIT
2023-09-09,DISP_000756,RAKE_00279,Kolkata,CR_Coils,2243.9947691664506,2.28237899984832,DELIVERED
2023-09-09,DISP_000757,RAKE_00334,Ranchi,Billets,2844.7569405579675,0.0,DISPATCHED
2023-09-09,DISP_000758,RAKE_00285,Patna,Billets,3010.431178679529,0.0,DISPATCHED
2023-09-10,DISP_000759,RAKE_00483,Haldia,TMT_Bars,3549.6568602834527,0.0,DISPATCHED
2023-09-10,DISP_000760,RAKE_00215,Haldia,Wire_Rods,3045.5402651149748,4.157330234651937,IN_TRANSIT
2023-09-10,DISP_000761,RAKE_00170,Kolkata,Wire_Rods,2082.6728188109123,0.0,IN_TRANSIT
2023-09-10,DISP_000762,RAKE_00086,Ranchi,Wire_Rods,3591.802828424964,0.0,DISPATCHED
2023-09-11,DISP_000763,RAKE_00116,Durgapur,Plates,2647.6231407904943,0.0,IN_TRANSIT
2023-09-11,DISP_000764,RAKE_00187,Durgapur,HR_Coils,2393.285857651726,0.0,DELIVERED
2023-09-11,DISP_000765,RAKE_00223,Ranchi,Billets,2039.4809958033309,0.0,IN_TRANSIT
2023-09-11,DISP_000766,RAKE_00352,Kolkata,Wire_Rods,2271.14232747357,0.0,DISPATCHED
2023-09-12,DISP_000767,RAKE_00250,Durgapur,Pig_Iron,2728.096892281984,0.0,DELIVERED
2023-09-12,DISP_000768,RAKE_00484,Patna,Plates,2705.650845024625,0.0,IN_TRANSIT
2023-09-13,DISP_000769,RAKE_00066,Patna,Pig_Iron,2474.0881194322974,0.0,IN_TRANSIT
2023-09-13,DISP_000770,RAKE_00413,Haldia,Plates,2575.5156797274526,5.378011763958185,DISPATCHED
2023-09-13,DISP_000771,RAKE_00475,Ranchi,Plates,3076.4667415228014,0.0,DELIVERED
2023-09-14,DISP_000772,RAKE_00395,Ranchi,HR_Coils,3452.4001751058177,0.0,IN_TRANSIT
2023-09-14,DISP_000773,RAKE_00110,Kolkata,Billets,2124.3047268226974,0.0,DELIVERED
2023-09-14,DISP_000774,RAKE_00463,Haldia,HR_Coils,2949.1997119145553,3.1698791015897565,DISPATCHED
2023-09-15,DISP_000775,RAKE_00106,Patna,Plates,2856.751313294192,0.0,IN_TRANSIT
2023-09-15,DISP_000776,RAKE_00433,Ranchi,HR_Coils,2371.3490179716364,0.0,DISPATCHED
2023-09-15,DISP_000777,RAKE_00258,Patna,CR_Coils,2565.188208912965,0.0,DISPATCHED
2023-09-16,DISP_000778,RAKE_00138,Patna,Billets,3346.3389712756984,0.0,DELIVERED
2023-09-16,DISP_000779,RAKE_00170,Durgapur,HR_Coils,2438.1120838178326,0.0,DELIVERED
2023-09-16,DISP_000780,RAKE_00390,Haldia,Billets,2382.660340614163,0.0,IN_TRANSIT
2023-09-17,DISP_000781,RAKE_00136,Durgapur,Pig_Iron,2618.6185986579226,0.0,DELIVERED
2023-09-17,DISP_000782,RAKE_00174,Kolkata,HR_Coils,2539.3331176989827,0.0,DELIVERED
2023-09-18,DISP_000783,RAKE_00180,Patna,HR_Coils,3367.7100958570345,2.532150197086888,IN_TRANSIT
2023-09-18,DISP_000784,RAKE_00423,Durgapur,Pig_Iron,2359.130921055552,0.0,DELIVERED
2023-09-19,DISP_000785,RAKE_00097,Patna,Pig_Iron,2768.420596410088,2.112189016862416,DELIVERED
2023-09-19,DISP_000786,RAKE_00148,Kolkata,HR_Coils,3259.2817504728446,0.0,DELIVERED
2023-09-19,DISP_000787,RAKE_00479,Durgapur,Plates,2432.8453346404626,0.0,IN_TRANSIT
2023-09-19,DISP_000788,RAKE_00263,Durgapur,HR_Coils,2896.9227727552056,0.0,DISPATCHED
2023-09-20,DISP_000789,RAKE_00328,Haldia,Plates,2620.361253318608,0.0,DELIVERED
2023-09-20,DISP_000790,RAKE_00462,Haldia,Billets,2861.2473796945856,4.328443166307681,DELIVERED
2023-09-20,DISP_000791,RAKE_00436,Patna,HR_Coils,3419.791556064847,1.6948530967529365,IN_TRANSIT
2023-09-20,DISP_000792,RAKE_00207,Patna,Plates,2478.178715496844,0.0,DISPATCHED
2023-09-21,DISP_000793,RAKE_00424,Patna,Billets,2148.677742718661,2.5705920842898644,DISPATCHED
2023-09-21,DISP_000794,RAKE_00362,Haldia,Wire_Rods,2778.8303223298203,5.719382668760437,DISPATCHED
2023-09-21,DISP_000795,RAKE_00108,Ranchi,TMT_Bars,2135.1809143068676,0.0,IN_TRANSIT
2023-09-21,DISP_000796,RAKE_00291,Durgapur,CR_Coils,2633.419973989537,0.0,DELIVERED
2023-09-22,DISP_000797,RAKE_00325,Haldia,Plates,3631.0308565498685,6.021476421585323,IN_TRANSIT
2023-09-22,DISP_000798,RAKE_00469,Durgapur,Pig_Iron,3203.251566785654,2.0464069725673375,DELIVERED
2023-09-23,DISP_000799,RAKE_00041,Ranchi,Pig_Iron,3163.802795995082,0.0,DISPATCHED
2023-09-23,DISP_000800,RAKE_00352,Durgapur,Billets,2134.9588789309005,0.0,DISPATCHED
2023-09-24,DISP_000801,RAKE_00287,Durgapur,Wire_Rods,2165.4272074003975,0.0,IN_TRANSIT
2023-09-24,DISP_000802,RAKE_00253,Ranchi,Billets,2924.7712563768964,0.0,DELIVERED
2023-09-24,DISP_000803,RAKE_00289,Ranchi,Pig_Iron,2316.863107352339,0.0,DELIVERED
2023-09-25,DISP_000804,RAKE_00359,Patna,Pig_Iron,2924.6526216588973,0.0,DELIVERED
2023-09-25,DISP_000805,RAKE_00249,Durgapur,TMT_Bars,2158.502099425059,0.0,IN_TRANSIT
2023-09-26,DISP_000806,RAKE_00257,Durgapur,HR_Coils,3557.9036611728375,0.0,DISPATCHED
2023-09-26,DISP_000807,RAKE_00411,Haldia,TMT_Bars,2811.2513869949444,7.300045502842476,DISPATCHED
2023-09-27,DISP_000808,RAKE_00222,Kolkata,CR_Coils,3644.271048125942,0.0,DISPATCHED
2023-09-27,DISP_000809,RAKE_00046,Ranchi,Plates,2867.558977778302,0.0,DISPATCHED
2023-09-27,DISP_000810,RAKE_00112,Durgapur,Pig_Iron,2631.8373990610803,0.0,DISPATCHED
2023-09-28,DISP_000811,RAKE_00357,Ranchi,Pig_Iron,3434.7346363821093,0.0,DELIVERED
2023-09-28,DISP_000812,RAKE_00281,Haldia,Pig_Iron,3019.4686802857,0.0,IN_TRANSIT
2023-09-29,DISP_000813,RAKE_00011,Kolkata,Billets,2783.4264601551367,0.0,IN_TRANSIT
2023-09-29,DISP_000814,RAKE_00119,Ranchi,CR_Coils,3323.3256361158633,0.0,DISPATCHED
2023-09-29,DISP_000815,RAKE_00265,Haldia,Wire_Rods,3151.352482999326,3.769552313132075,DISPATCHED
2023-09-29,DISP_000816,RAKE_00273,Haldia,CR_Coils,2165.425659129486,7.931251856199342,DELIVERED
2023-09-30,DISP_000817,RAKE_00337,Patna,Pig_Iron,3425.3913909194816,2.338942661464997,DELIVERED
2023-09-30,DISP_000818,RAKE_00484,Patna,HR_Coils,3326.5612262921104,0.0,DELIVERED
2023-09-30,DISP_000819,RAKE_00133,Haldia,Pig_Iron,2233.8006173745607,0.0,DISPATCHED
2023-10-01,DISP_000820,RAKE_00157,Durgapur,CR_Coils,2641.804455663304,0.0,DELIVERED
2023-10-01,DISP_000821,RAKE_00172,Ranchi,Pig_Iron,2138.8217871880115,0.0,DISPATCHED
2023-10-02,DISP_000822,RAKE_00129,Durgapur,HR_Coils,3435.8395385021067,0.0,DISPATCHED
2023-10-02,DISP_000823,RAKE_00481,Kolkata,CR_Coils,2463.0932470907046,0.0,DELIVERED
2023-10-03,DISP_000824,RAKE_00206,Ranchi,TMT_Bars,3551.608960213526,0.0,DELIVERED
2023-10-03,DISP_000825,RAKE_00073,Ranchi,Wire_Rods,2736.0180713938153,0.0,DELIVERED
2023-10-03,DISP_000826,RAKE_00372,Ranchi,HR_Coils,3271.4787883796535,0.0,DELIVERED
2023-10-04,DISP_000827,RAKE_00162,Durgapur,Plates,3635.7251928863316,0.0,DELIVERED
2023-10-04,DISP_000828,RAKE_00208,Kolkata,Wire_Rods,3180.168428792012,0.0,DELIVERED
2023-10-05,DISP_000829,RAKE_00432,Ranchi,TMT_Bars,3231.3875127375823,2.069107384863335,DISPATCHED
2023-10-05,DISP_000830,RAKE_00408,Durgapur,CR_Coils,3305.0395548466186,1.9935360713533108,DISPATCHED
2023-10-05,DISP_000831,RAKE_00460,Patna,HR_Coils,2326.902640957029,0.0,IN_TRANSIT
2023-10-05,DISP_000832,RAKE_00307,Durgapur,TMT_Bars,3076.312668034392,0.0,DELIVERED
2023-10-06,DISP_000833,RAKE_00359,Kolkata,Pig_Iron,3623.2203432214965,0.0,DELIVERED
2023-10-06,DISP_000834,RAKE_00022,Kolkata,TMT_Bars,2400.421207231131,0.0,DISPATCHED
2023-10-06,DISP_000835,RAKE_00305,Ranchi,Wire_Rods,2672.5914948623567,0.0,IN_TRANSIT
2023-10-07,DISP_000836,RAKE_00173,Durgapur,CR_Coils,2587.090023793887,0.0,DISPATCHED
2023-10-07,DISP_000837,RAKE_00283,Patna,Plates,2044.7082010157203,1.3377035926094083,DELIVERED
2023-10-07,DISP_000838,RAKE_00176,Kolkata,Plates,2622.3783889823153,0.0,DELIVERED
2023-10-08,DISP_000839,RAKE_00216,Patna,CR_Coils,2617.254490606049,0.0,DELIVERED
2023-10-08,DISP_000840,RAKE_00240,Haldia,Pig_Iron,2988.4502628538285,6.810051392753871,IN_TRANSIT
2023-10-09,DISP_000841,RAKE_00335,Haldia,CR_Coils,2997.6247276202357,4.9679433933357355,DELIVERED
2023-10-09,DISP_000842,RAKE_00104,Ranchi,Wire_Rods,2316.4700159842428,0.0,IN_TRANSIT
2023-10-09,DISP_000843,RAKE_00117,Haldia,Billets,2879.355364717838,0.0,DISPATCHED
2023-10-10,DISP_000844,RAKE_00482,Durgapur,Pig_Iron,3563.157952929516,0.0,IN_TRANSIT
2023-10-10,DISP_000845,RAKE_00235,Durgapur,Wire_Rods,2234.3035050176095,0.0,IN_TRANSIT
2023-10-11,DISP_000846,RAKE_00157,Ranchi,TMT_Bars,2389.919820930271,0.0,IN_TRANSIT
2023-10-11,DISP_000847,RAKE_00062,Ranchi,HR_Coils,3115.73903148907,0.0,DELIVERED
2023-10-11,DISP_000848,RAKE_00050,Haldia,HR_Coils,3391.6829824143188,6.571067811352853,DISPATCHED
2023-10-11,DISP_000849,RAKE_00175,Patna,Wire_Rods,2158.5249336364145,0.0,DISPATCHED
2023-10-12,DISP_000850,RAKE_00496,Patna,Pig_Iron,3171.910000505133,0.0,DISPATCHED
2023-10-12,DISP_000851,RAKE_00017,Haldia,Wire_Rods,3078.9421767577114,0.0,DISPATCHED
2023-10-12,DISP_000852,RAKE_00456,Ranchi,Pig_Iron,2300.2981216179724,1.1165401045854746,DISPATCHED
2023-10-12,DISP_000853,RAKE_00332,Ranchi,HR_Coils,3598.631416446875,0.0,DELIVERED
2023-10-13,DISP_000854,RAKE_00484,Patna,HR_Coils,3100.3423726225537,0.0,DELIVERED
2023-10-13,DISP_000855,RAKE_00084,Patna,Plates,3532.255871851462,0.0,DISPATCHED
2023-10-13,DISP_000856,RAKE_00153,Haldia,Plates,3600.09361200851,0.0,DELIVERED
2023-10-13,DISP_000857,RAKE_00168,Durgapur,Pig_Iron,2809.05171236466,0.0,DELIVERED
2023-10-14,DISP_000858,RAKE_00251,Ranchi,CR_Coils,3217.0580250910125,0.0,DISPATCHED
2023-10-14,DISP_000859,RAKE_00420,Patna,HR_Coils,2690.8455218375566,0.0,DISPATCHED
2023-10-15,DISP_000860,RAKE_00165,Patna,Wire_Rods,3536.8483832882002,0.0,DELIVERED
2023-10-15,DISP_000861,RAKE_00094,Durgapur,CR_Coils,2226.1570857832444,0.0,IN_TRANSIT
2023-10-15,DISP_000862,RAKE_00494,Haldia,Pig_Iron,2395.190724453448,7.016376269611388,DELIVERED
2023-10-16,DISP_000863,RAKE_00204,Patna,TMT_Bars,2467.290989417884,0.0,DISPATCHED
2023-10-16,DISP_000864,RAKE_00402,Ranchi,HR_Coils,2812.6362138382765,2.0913908439137874,IN_TRANSIT
2023-10-16,DISP_000865,RAKE_00327,Haldia,Plates,2465.345092362328,7.389069743727076,IN_TRANSIT
2023-10-17,DISP_000866,RAKE_00049,Patna,Plates,3335.5138071410784,0.0,IN_TRANSIT
2023-10-17,DISP_000867,RAKE_00168,Durgapur,Billets,2953.93206624086,0.0,IN_TRANSIT
2023-10-18,DISP_000868,RAKE_00296,Durgapur,CR_Coils,2250.9268633747747,0.0,DELIVERED
2023-10-18,DISP_000869,RAKE_00484,Kolkata,HR_Coils,3008.3818000341985,0.0,DELIVERED
2023-10-19,DISP_000870,RAKE_00392,Durgapur,Pig_Iron,3291.8979263999763,2.8588542289355363,IN_TRANSIT
2023-10-19,DISP_000871,RAKE_00262,Durgapur,CR_Coils,3017.6447421366966,0.0,IN_TRANSIT
2023-10-19,DISP_000872,RAKE_00337,Kolkata,TMT_Bars,2512.614799704056,0.0,DISPATCHED
2023-10-19,DISP_000873,RAKE_00231,Durgapur,Plates,2461.874894427424,0.0,DELIVERED
2023-10-20,DISP_000874,RAKE_00057,Patna,CR_Coils,2078.9886466988223,1.3530888694260963,DISPATCHED
2023-10-20,DISP_000875,RAKE_00092,Kolkata,HR_Coils,3408.7232237718367,0.0,DISPATCHED
2023-10-20,DISP_000876,RAKE_00427,Ranchi,CR_Coils,3084.1259033549372,0.0,DISPATCHED
2023-10-21,DISP_000877,RAKE_00014,Kolkata,TMT_Bars,2628.053205085351,0.0,DELIVERED
2023-10-21,DISP_000878,RAKE_00475,Kolkata,Wire_Rods,2193.4103493654393,0.0,DISPATCHED
2023-10-21,DISP_000879,RAKE_00454,Kolkata,TMT_Bars,2845.3133863690027,0.0,DISPATCHED
2023-10-22,DISP_000880,RAKE_00074,Ranchi,Pig_Iron,3440.808495983564,1.8758541786576177,IN_TRANSIT
2023-10-22,DISP_000881,RAKE_00140,Haldia,Pig_Iron,2836.0385219002164,6.222657455668783,IN_TRANSIT
2023-10-22,DISP_000882,RAKE_00254,Patna,Plates,2103.1377414004382,0.0,DISPATCHED
2023-10-22,DISP_000883,RAKE_00246,Patna,HR_Coils,2419.5177720203815,0.0,IN_TRANSIT
2023-10-23,DISP_000884,RAKE_00408,Haldia,CR_Coils,2886.1887732201226,0.0,DELIVERED
2023-10-23,DISP_000885,RAKE_00090,Durgapur,HR_Coils,2793.9373043604664,0.0,DISPATCHED
2023-10-24,DISP_000886,RAKE_00252,Durgapur,Pig_Iron,2482.7702040599434,0.0,DISPATCHED
2023-10-24,DISP_000887,RAKE_00178,Durgapur,Plates,2859.629085971648,0.0,DISPATCHED
2023-10-24,DISP_000888,RAKE_00046,Durgapur,Plates,2680.83728766627,0.0,DELIVERED
2023-10-25,DISP_000889,RAKE_00203,Haldia,CR_Coils,3358.7295073607766,0.0,IN_TRANSIT
2023-10-25,DISP_000890,RAKE_00214,Patna,Billets,2889.117709758135,0.0,IN_TRANSIT
2023-10-25,DISP_000891,RAKE_00004,Ranchi,Billets,3086.550861616309,2.2865288219979014,IN_TRANSIT
2023-10-26,DISP_000892,RAKE_00444,Haldia,Billets,2532.8517014801328,0.0,DISPATCHED
2023-10-26,DISP_000893,RAKE_00099,Haldia,TMT_Bars,3375.550469564928,0.0,DELIVERED
2023-10-26,DISP_000894,RAKE_00044,Patna,Billets,3010.0067637222655,0.0,IN_TRANSIT
2023-10-27,DISP_000895,RAKE_00206,Haldia,Billets,2323.5042130949087,3.9921637525912717,DISPATCHED
2023-10-27,DISP_000896,RAKE_00065,Durgapur,CR_Coils,2882.067788313316,0.0,DELIVERED
2023-10-27,DISP_000897,RAKE_00425,Durgapur,TMT_Bars,3466.691361480972,0.0,IN_TRANSIT
2023-10-28,DISP_000898,RAKE_00158,Durgapur,TMT_Bars,3316.7186828395525,0.0,DISPATCHED
2023-10-28,DISP_000899,RAKE_00290,Patna,Wire_Rods,2549.3116791816656,0.0,DELIVERED
2023-10-28,DISP_000900,RAKE_00013,Durgapur,Pig_Iron,3072.5621878766406,0.0,DELIVERED
2023-10-28,DISP_000901,RAKE_00292,Patna,Wire_Rods,3378.4691265434976,1.141625720581765,DISPATCHED
2023-10-29,DISP_000902,RAKE_00166,Kolkata,Wire_Rods,2624.5356214262533,0.0,DISPATCHED
2023-10-29,DISP_000903,RAKE_00315,Durgapur,Pig_Iron,3643.182514495097,0.0,DISPATCHED
2023-10-29,DISP_000904,RAKE_00445,Durgapur,Pig_Iron,3040.087426726999,0.0,DELIVERED
2023-10-30,DISP_000905,RAKE_00127,Patna,Billets,2924.5444234607107,0.0,IN_TRANSIT
2023-10-30,DISP_000906,RAKE_00366,Patna,Plates,2153.285783499699,0.0,IN_TRANSIT
2023-10-30,DISP_000907,RAKE_00302,Haldia,Billets,2129.7679781284596,7.914820776682612,DISPATCHED
2023-10-31,DISP_000908,RAKE_00055,Kolkata,Wire_Rods,2858.3016114526654,0.0,IN_TRANSIT
2023-10-31,DISP_000909,RAKE_00025,Haldia,Pig_Iron,2785.671269606437,0.0,DISPATCHED
2023-10-31,DISP_000910,RAKE_00222,Patna,Pig_Iron,2884.2024793615155,0.0,IN_TRANSIT
2023-11-01,DISP_000911,RAKE_00137,Ranchi,Billets,3119.4679798697634,0.0,DELIVERED
2023-11-01,DISP_000912,RAKE_00096,Ranchi,Plates,2115.4892203480017,0.0,DISPATCHED
2023-11-01,DISP_000913,RAKE_00388,Haldia,Wire_Rods,2979.2764709025328,0.0,DELIVERED
2023-11-01,DISP_000914,RAKE_00451,Haldia,CR_Coils,3093.0568595830655,5.466966986031124,IN_TRANSIT
2023-11-02,DISP_000915,RAKE_00346,Patna,HR_Coils,2096.799931328182,2.7465878389967617,DISPATCHED
2023-11-02,DISP_000916,RAKE_00407,Kolkata,Plates,3071.657953383793,0.0,DISPATCHED
2023-11-02,DISP_000917,RAKE_00111,Durgapur,TMT_Bars,3579.3067225577934,0.0,DISPATCHED
2023-11-02,DISP_000918,RAKE_00423,Durgapur,HR_Coils,3413.1776545091407,0.0,DISPATCHED
2023-11-03,DISP_000919,RAKE_00416,Ranchi,Pig_Iron,2302.3969302619466,0.0,IN_TRANSIT
2023-11-03,DISP_000920,RAKE_00179,Kolkata,Pig_Iron,2354.415455598126,2.1882397416690846,IN_TRANSIT
2023-11-03,DISP_000921,RAKE_00032,Ranchi,Plates,3649.5884621589466,0.0,DISPATCHED
2023-11-03,DISP_000922,RAKE_00043,Haldia,Billets,3315.468575287594,0.0,DISPATCHED
2023-11-04,DISP_000923,RAKE_00298,Patna,Plates,2291.9652051970106,0.0,DISPATCHED
2023-11-04,DISP_000924,RAKE_00053,Patna,Billets,2891.4898116832173,2.997161244208716,DISPATCHED
2023-11-05,DISP_000925,RAKE_00494,Haldia,CR_Coils,3603.0023145284304,0.0,DISPATCHED
2023-11-05,DISP_000926,RAKE_00362,Patna,Plates,3306.627809673914,2.1981481625044226,IN_TRANSIT
2023-11-05,DISP_000927,RAKE_00215,Patna,TMT_Bars,3178.6136422163054,0.0,IN_TRANSIT
2023-11-06,DISP_000928,RAKE_00136,Ranchi,Pig_Iron,2178.331284391893,0.0,DISPATCHED
2023-11-06,DISP_000929,RAKE_00019,Ranchi,Pig_Iron,2306.6058161724154,0.0,IN_TRANSIT
2023-11-06,DISP_000930,RAKE_00058,Haldia,Billets,2792.12421834049,0.0,DELIVERED
2023-11-07,DISP_000931,RAKE_00109,Durgapur,TMT_Bars,2759.757982945082,0.0,DELIVERED
2023-11-07,DISP_000932,RAKE_00297,Patna,Pig_Iron,3511.92370430594,0.0,DISPATCHED
2023-11-07,DISP_000933,RAKE_00304,Haldia,Pig_Iron,2777.5111055577936,0.0,DELIVERED
2023-11-08,DISP_000934,RAKE_00465,Patna,HR_Coils,2837.8303762181868,0.0,DISPATCHED
2023-11-08,DISP_000935,RAKE_00172,Haldia,Billets,2260.7560013802545,4.160153712246405,DELIVERED
2023-11-08,DISP_000936,RAKE_00329,Ranchi,Plates,2962.5835154673896,0.0,DELIVERED
2023-11-08,DISP_000937,RAKE_00317,Haldia,Plates,3212.176299711464,0.0,IN_TRANSIT
2023-11-09,DISP_000938,RAKE_00339,Kolkata,Plates,3374.383055507099,0.0,DELIVERED
2023-11-09,DISP_000939,RAKE_00075,Patna,Wire_Rods,3135.5091499583896,0.0,IN_TRANSIT
2023-11-09,DISP_000940,RAKE_00489,Durgapur,Wire_Rods,2056.4995123206086,0.0,IN_TRANSIT
2023-11-10,DISP_000941,RAKE_00276,Patna,CR_Coils,2815.7416398210785,0.0,DELIVERED
2023-11-10,DISP_000942,RAKE_00037,Patna,Wire_Rods,2791.413952261302,0.0,DISPATCHED
2023-11-10,DISP_000943,RAKE_00216,Kolkata,TMT_Bars,2763.473616615737,0.0,DELIVERED
2023-11-10,DISP_000944,RAKE_00051,Kolkata,Billets,2774.9828967548774,0.0,IN_TRANSIT
2023-11-11,DISP_000945,RAKE_00329,Patna,Wire_Rods,3197.6095830445747,0.0,DELIVERED
2023-11-11,DISP_000946,RAKE_00388,Ranchi,Wire_Rods,2632.297257674615,0.0,DELIVERED
2023-11-12,DISP_000947,RAKE_00254,Durgapur,Pig_Iron,3058.3365703585105,0.0,IN_TRANSIT
2023-11-12,DISP_000948,RAKE_00434,Haldia,Pig_Iron,2716.799169481087,3.3860372952892677,DELIVERED
2023-11-13,DISP_000949,RAKE_00194,Ranchi,Plates,3394.5246323212637,0.0,DELIVERED
2023-11-13,DISP_000950,RAKE_00051,Haldia,CR_Coils,2460.810659926719,0.0,DELIVERED
2023-11-13,DISP_000951,RAKE_00362,Durgapur,TMT_Bars,2559.3534854572517,0.0,DISPATCHED
2023-11-14,DISP_000952,RAKE_00104,Kolkata,TMT_Bars,3057.940757175486,1.9579586651617753,DISPATCHED
2023-11-14,DISP_000953,RAKE_00387,Durgapur,Plates,3191.7279211085242,1.3290801999872441,IN_TRANSIT
2023-11-14,DISP_000954,RAKE_00328,Ranchi,HR_Coils,2929.8404736724337,0.0,DELIVERED
2023-11-14,DISP_000955,RAKE_00458,Kolkata,Billets,2433.979983824649,0.0,IN_TRANSIT
2023-11-15,DISP_000956,RAKE_00488,Kolkata,TMT_Bars,3561.811273831403,0.0,DELIVERED
2023-11-15,DISP_000957,RAKE_00147,Haldia,CR_Coils,2317.4914471734114,7.710584695247682,IN_TRANSIT
2023-11-15,DISP_000958,RAKE_00188,Kolkata,Billets,2991.458558511874,0.0,DELIVERED
2023-11-16,DISP_000959,RAKE_00184,Haldia,CR_Coils,3134.801460466042,0.0,IN_TRANSIT
2023-11-16,DISP_000960,RAKE_00301,Kolkata,CR_Coils,2223.742396077366,0.0,DELIVERED
2023-11-17,DISP_000961,RAKE_00106,Ranchi,Pig_Iron,2824.0398614749597,0.0,DELIVERED
2023-11-17,DISP_000962,RAKE_00432,Haldia,CR_Coils,3420.0591683266734,3.2577222377837867,DELIVERED
2023-11-18,DISP_000963,RAKE_00444,Patna,Plates,2828.483863597542,1.034552701861236,IN_TRANSIT
2023-11-18,DISP_000964,RAKE_00027,Ranchi,Pig_Iron,2366.3115844408985,0.0,DELIVERED
2023-11-19,DISP_000965,RAKE_00103,Patna,Pig_Iron,3105.0369377312163,0.0,DISPATCHED
2023-11-19,DISP_000966,RAKE_00057,Haldia,Plates,2323.036804804708,0.0,DELIVERED
2023-11-20,DISP_000967,RAKE_00019,Patna,Billets,2053.3185310623862,0.0,DELIVERED
2023-11-20,DISP_000968,RAKE_00139,Ranchi,Plates,2777.5212636922424,0.0,DISPATCHED
2023-11-20,DISP_000969,RAKE_00371,Patna,Wire_Rods,3205.1345943736133,0.0,DELIVERED
2023-11-20,DISP_000970,RAKE_00329,Patna,TMT_Bars,2486.2998180006184,0.0,DELIVERED
2023-11-21,DISP_000971,RAKE_00256,Durgapur,Billets,2122.251280303226,0.0,IN_TRANSIT
2023-11-21,DISP_000972,RAKE_00496,Patna,Billets,3608.0221102538308,0.0,DISPATCHED
2023-11-21,DISP_000973,RAKE_00275,Durgapur,HR_Coils,2947.614612391763,0.0,IN_TRANSIT
2023-11-21,DISP_000974,RAKE_00375,Haldia,Wire_Rods,3325.632560363796,6.843533824578149,DISPATCHED
2023-11-22,DISP_000975,RAKE_00420,Kolkata,Billets,2156.072767938616,0.0,IN_TRANSIT
2023-11-22,DISP_000976,RAKE_00173,Ranchi,Wire_Rods,2606.6890765386743,1.0570464225124412,IN_TRANSIT
2023-11-23,DISP_000977,RAKE_00484,Kolkata,TMT_Bars,3447.807840691014,0.0,DISPATCHED
2023-11-23,DISP_000978,RAKE_00085,Ranchi,HR_Coils,2242.4551127240884,0.0,DELIVERED
2023-11-23,DISP_000979,RAKE_00083,Durgapur,CR_Coils,3155.763365371623,0.0,IN_TRANSIT
2023-11-23,DISP_000980,RAKE_00040,Ranchi,HR_Coils,3560.2995985617226,0.0,IN_TRANSIT
2023-11-24,DISP_000981,RAKE_00183,Haldia,Wire_Rods,2215.2249844755224,0.0,DISPATCHED
2023-11-24,DISP_000982,RAKE_00292,Ranchi,Wire_Rods,3595.528501022355,0.0,IN_TRANSIT
2023-11-25,DISP_000983,RAKE_00413,Ranchi,HR_Coils,3440.39991212782,0.0,IN_TRANSIT
2023-11-25,DISP_000984,RAKE_00155,Ranchi,Plates,3613.0949735682834,0.0,IN_TRANSIT
2023-11-26,DISP_000985,RAKE_00218,Durgapur,Billets,2104.7416252444805,0.0,IN_TRANSIT
2023-11-26,DISP_000986,RAKE_00112,Durgapur,Plates,2008.0694316811177,0.0,DISPATCHED
2023-11-27,DISP_000987,RAKE_00224,Ranchi,TMT_Bars,2952.9523753877675,0.0,DELIVERED
2023-11-27,DISP_000988,RAKE_00019,Kolkata,Wire_Rods,2869.2517462052406,0.0,DISPATCHED
2023-11-28,DISP_000989,RAKE_00431,Haldia,Plates,2173.038165616057,3.869066855461686,DISPATCHED
2023-11-28,DISP_000990,RAKE_00274,Durgapur,Billets,2302.1703764004583,1.1245126246528612,DISPATCHED
2023-11-28,DISP_000991,RAKE_00013,Kolkata,Wire_Rods,3630.138881935504,0.0,IN_TRANSIT
2023-11-29,DISP_000992,RAKE_00345,Durgapur,TMT_Bars,2228.7002908380414,0.0,IN_TRANSIT
2023-11-29,DISP_000993,RAKE_00133,Durgapur,Billets,3318.8461859546505,0.0,DISPATCHED
2023-11-29,DISP_000994,RAKE_00442,Ranchi,CR_Coils,2207.1381228413306,0.0,IN_TRANSIT
2023-11-30,DISP_000995,RAKE_00492,Haldia,HR_Coils,2131.0233081527576,0.0,DISPATCHED
2023-11-30,DISP_000996,RAKE_00239,Patna,CR_Coils,2632.2997384264127,0.0,DELIVERED
2023-11-30,DISP_000997,RAKE_00200,Kolkata,Pig_Iron,2936.620673440215,0.0,IN_TRANSIT
2023-11-30,DISP_000998,RAKE_00039,Haldia,Pig_Iron,3418.0915456495636,3.934944792952552,IN_TRANSIT
2023-12-01,DISP_000999,RAKE_00105,Ranchi,Billets,2422.540663060851,0.0,DELIVERED
2023-12-01,DISP_001000,RAKE_00348,Durgapur,Plates,2288.8681140684034,0.0,IN_TRANSIT
2023-12-01,DISP_001001,RAKE_00288,Patna,Billets,2167.806669746346,1.3208778677835515,IN_TRANSIT
2023-12-02,DISP_001002,RAKE_00371,Durgapur,Billets,3429.9885878908854,1.2611636201613425,IN_TRANSIT
2023-12-02,DISP_001003,RAKE_00458,Patna,Plates,3439.8372174159317,0.0,DELIVERED
2023-12-02,DISP_001004,RAKE_00483,Durgapur,TMT_Bars,2115.089842500853,0.0,DISPATCHED
2023-12-02,DISP_001005,RAKE_00320,Haldia,HR_Coils,2543.0454496774423,0.0,DISPATCHED
2023-12-03,DISP_001006,RAKE_00434,Haldia,Plates,3131.2795978628883,0.0,DELIVERED
2023-12-03,DISP_001007,RAKE_00172,Haldia,HR_Coils,2475.1074196354707,7.353134728575845,DISPATCHED
2023-12-03,DISP_001008,RAKE_00452,Ranchi,Plates,2186.362986066314,0.0,IN_TRANSIT
2023-12-04,DISP_001009,RAKE_00208,Ranchi,Pig_Iron,2488.6154627600786,0.0,DISPATCHED
2023-12-04,DISP_001010,RAKE_00395,Durgapur,HR_Coils,2434.882305308095,0.0,IN_TRANSIT
2023-12-04,DISP_001011,RAKE_00322,Kolkata,HR_Coils,2248.9620957530556,0.0,DISPATCHED
2023-12-04,DISP_001012,RAKE_00275,Kolkata,CR_Coils,2874.644952922885,0.0,IN_TRANSIT
2023-12-05,DISP_001013,RAKE_00191,Patna,Plates,2802.6868110666414,0.0,IN_TRANSIT
2023-12-05,DISP_001014,RAKE_00417,Patna,HR_Coils,2044.3678507629602,0.0,DELIVERED
2023-12-06,DISP_001015,RAKE_00400,Kolkata,Pig_Iron,2795.1520485018727,0.0,DELIVERED
2023-12-06,DISP_001016,RAKE_00211,Haldia,Pig_Iron,3408.2018641222858,0.0,DELIVERED
2023-12-07,DISP_001017,RAKE_00481,Patna,Billets,3446.7770229676307,0.0,IN_TRANSIT
2023-12-07,DISP_001018,RAKE_00090,Haldia,Plates,3249.268549828318,7.035970310191516,DISPATCHED
2023-12-07,DISP_001019,RAKE_00163,Haldia,HR_Coils,2851.836860203076,7.056955800849233,DISPATCHED
2023-12-08,DISP_001020,RAKE_00120,Ranchi,HR_Coils,2035.4773439221403,0.0,IN_TRANSIT
2023-12-08,DISP_001021,RAKE_00040,Ranchi,TMT_Bars,2232.394544622697,0.0,IN_TRANSIT
2023-12-08,DISP_001022,RAKE_00136,Kolkata,TMT_Bars,2737.3515764493864,0.0,DELIVERED
2023-12-09,DISP_001023,RAKE_00001,Durgapur,Wire_Rods,2758.7445544126376,0.0,IN_TRANSIT
2023-12-09,DISP_001024,RAKE_00327,Haldia,Plates,2887.5798019900685,4.963337091442907,DELIVERED
2023-12-10,DISP_001025,RAKE_00083,Durgapur,CR_Coils,3527.7861467727357,0.0,IN_TRANSIT
2023-12-10,DISP_001026,RAKE_00340,Patna,Pig_Iron,2618.9526539956328,0.0,DISPATCHED
2023-12-10,DISP_001027,RAKE_00122,Patna,TMT_Bars,2795.123810814271,0.0,DISPATCHED
2023-12-11,DISP_001028,RAKE_00140,Durgapur,TMT_Bars,2339.724685386418,0.0,DELIVERED
2023-12-11,DISP_001029,RAKE_00481,Ranchi,Billets,2954.4136389811783,0.0,DISPATCHED
2023-12-11,DISP_001030,RAKE_00131,Durgapur,TMT_Bars,2010.1933912212592,0.0,DISPATCHED
2023-12-11,DISP_001031,RAKE_00378,Durgapur,TMT_Bars,2719.5290204222197,0.0,DELIVERED
2023-12-12,DISP_001032,RAKE_00460,Kolkata,TMT_Bars,3639.929472465521,2.1695130298259455,DELIVERED
2023-12-12,DISP_001033,RAKE_00329,Kolkata,Pig_Iron,2998.4735357157324,0.0,DELIVERED
2023-12-13,DISP_001034,RAKE_00445,Kolkata,Pig_Iron,3134.490546514292,0.0,DISPATCHED
2023-12-13,DISP_001035,RAKE_00400,Patna,Billets,2367.776852386606,0.0,DELIVERED
2023-12-13,DISP_001036,RAKE_00314,Haldia,Billets,2209.6061972485154,0.0,IN_TRANSIT
2023-12-13,DISP_001037,RAKE_00150,Haldia,HR_Coils,3076.518225459285,5.85792839712566,DISPATCHED
2023-12-14,DISP_001038,RAKE_00009,Durgapur,Billets,2113.1631854453735,0.0,DISPATCHED
2023-12-14,DISP_001039,RAKE_00309,Haldia,Plates,2797.3172178393643,0.0,DISPATCHED
2023-12-14,DISP_001040,RAKE_00406,Ranchi,CR_Coils,2257.011990477894,0.0,DISPATCHED
2023-12-15,DISP_001041,RAKE_00484,Haldia,TMT_Bars,3113.0774922935743,4.599902027536919,DISPATCHED
2023-12-15,DISP_001042,RAKE_00072,Patna,Wire_Rods,2462.3759485594846,1.5068518359346694,IN_TRANSIT
2023-12-15,DISP_001043,RAKE_00024,Kolkata,Billets,2044.9539744115027,0.0,DISPATCHED
2023-12-16,DISP_001044,RAKE_00098,Durgapur,CR_Coils,2508.359034152262,2.107112999876282,DELIVERED
2023-12-16,DISP_001045,RAKE_00472,Haldia,CR_Coils,2775.5252173377694,0.0,IN_TRANSIT
2023-12-16,DISP_001046,RAKE_00316,Haldia,TMT_Bars,2204.5543219166393,0.0,IN_TRANSIT
2023-12-17,DISP_001047,RAKE_00301,Patna,CR_Coils,3327.2427153278904,0.0,DISPATCHED
2023-12-17,DISP_001048,RAKE_00018,Durgapur,Wire_Rods,2366.7818102028546,0.0,DELIVERED
2023-12-18,DISP_001049,RAKE_00471,Kolkata,Billets,3526.093774159089,0.0,IN_TRANSIT
2023-12-18,DISP_001050,RAKE_00047,Durgapur,Pig_Iron,2554.7111557928597,0.0,DISPATCHED
2023-12-18,DISP_001051,RAKE_00040,Haldia,Pig_Iron,2466.9679771819465,4.789503282927745,DISPATCHED
2023-12-19,DISP_001052,RAKE_00485,Ranchi,TMT_Bars,3315.8964630335195,0.0,IN_TRANSIT
2023-12-19,DISP_001053,RAKE_00335,Ranchi,HR_Coils,3473.852896399417,0.0,DELIVERED
2023-12-20,DISP_001054,RAKE_00343,Kolkata,TMT_Bars,2042.7365088904367,0.0,DELIVERED
2023-12-20,DISP_001055,RAKE_00024,Kolkata,TMT_Bars,2493.432341728523,0.0,DELIVERED
2023-12-21,DISP_001056,RAKE_00183,Haldia,Wire_Rods,2993.5632981663766,0.0,DELIVERED
2023-12-21,DISP_001057,RAKE_00425,Durgapur,Plates,2495.5845145358935,0.0,DELIVERED
2023-12-22,DISP_001058,RAKE_00431,Patna,CR_Coils,2362.935206143211,2.6798191051859526,DISPATCHED
2023-12-22,DISP_001059,RAKE_00338,Haldia,Wire_Rods,2842.826014495535,4.834834538159176,DELIVERED
2023-12-22,DISP_001060,RAKE_00467,Haldia,Pig_Iron,3391.7078719568517,6.125723622657038,IN_TRANSIT
2023-12-22,DISP_001061,RAKE_00222,Patna,TMT_Bars,2355.068723598183,0.0,IN_TRANSIT
2023-12-23,DISP_001062,RAKE_00070,Ranchi,TMT_Bars,3591.6105629154245,0.0,DELIVERED
2023-12-23,DISP_001063,RAKE_00162,Durgapur,CR_Coils,3580.6545965979967,0.0,IN_TRANSIT
2023-12-23,DISP_001064,RAKE_00344,Ranchi,Wire_Rods,3080.40115929555,0.0,IN_TRANSIT
2023-12-24,DISP_001065,RAKE_00165,Patna,Billets,2348.4516274784332,0.0,DELIVERED
2023-12-24,DISP_001066,RAKE_00309,Durgapur,CR_Coils,3571.1500256962186,0.0,IN_TRANSIT
2023-12-24,DISP_001067,RAKE_00352,Durgapur,TMT_Bars,2348.286112722836,0.0,DISPATCHED
2023-12-24,DISP_001068,RAKE_00416,Ranchi,HR_Coils,3119.7278781260347,0.0,DISPATCHED
2023-12-25,DISP_001069,RAKE_00434,Patna,Pig_Iron,2478.259685240786,0.0,IN_TRANSIT
2023-12-25,DISP_001070,RAKE_00114,Patna,Billets,2686.2477182595844,0.0,DISPATCHED
2023-12-25,DISP_001071,RAKE_00152,Kolkata,Wire_Rods,2690.950604942396,0.0,IN_TRANSIT
2023-12-26,DISP_001072,RAKE_00001,Haldia,Wire_Rods,2138.380483527881,7.070891253300531,DELIVERED
2023-12-26,DISP_001073,RAKE_00043,Durgapur,Plates,2081.5128143874754,2.9638994302690937,IN_TRANSIT
2023-12-26,DISP_001074,RAKE_00269,Kolkata,HR_Coils,2484.043749551015,0.0,DISPATCHED
2023-12-26,DISP_001075,RAKE_00082,Haldia,Pig_Iron,3518.0694703873423,0.0,DISPATCHED
2023-12-27,DISP_001076,RAKE_00105,Haldia,Billets,2298.0850780987903,0.0,IN_TRANSIT
2023-12-27,DISP_001077,RAKE_00397,Durgapur,TMT_Bars,2630.7297212641674,0.0,IN_TRANSIT
2023-12-28,DISP_001078,RAKE_00442,Durgapur,TMT_Bars,3396.7403175228224,0.0,IN_TRANSIT
2023-12-28,DISP_001079,RAKE_00342,Kolkata,Billets,2764.0036402554806,0.0,DELIVERED
2023-12-29,DISP_001080,RAKE_00402,Ranchi,HR_Coils,2387.6973430538305,0.0,DISPATCHED
2023-12-29,DISP_001081,RAKE_00241,Durgapur,Pig_Iron,2651.93953077688,0.0,IN_TRANSIT
2023-12-29,DISP_001082,RAKE_00367,Haldia,Plates,2685.834504917775,7.450815164085164,DISPATCHED
2023-12-30,DISP_001083,RAKE_00177,Haldia,Plates,3632.9352747087432,7.2620115790865505,DISPATCHED
2023-12-30,DISP_001084,RAKE_00358,Durgapur,Billets,2207.9693147521534,1.7835809864838235,DISPATCHED
2023-12-30,DISP_001085,RAKE_00403,Durgapur,Plates,3630.2867997415146,0.0,DISPATCHED
2023-12-31,DISP_001086,RAKE_00464,Patna,TMT_Bars,2668.4787400696487,0.0,IN_TRANSIT
2023-12-31,DISP_001087,RAKE_00021,Patna,TMT_Bars,3037.8275698400585,0.0,DELIVERED
2023-12-31,DISP_001088,RAKE_00165,Haldia,CR_Coils,2374.9325907310636,6.990027462097579,DELIVERED
2023-12-31,DISP_001089,RAKE_00402,Ranchi,Plates,2530.8669600978837,0.0,IN_TRANSIT
